id,trial,movement,number,
P01,1,inwards,11,
P01,2,outwards,28,
P01,3,inwards,2,
P01,4,outwards,4,
P01,5,inwards,9,
P01,6,outwards,10,
P01,7,inwards,6,
P01,8,outwards,21,
P01,9,inwards,24,
P01,10,outwards,27,
P01,11,inwards,9,
P01,12,outwards,8,
P01,13,inwards,2,
P01,14,outwards,4,
P01,15,inwards,18,
P01,16,outwards,22,
P01,17,inwards,26,
P01,18,outwards,9,
P01,19,inwards,4,
P01,20,outwards,6,
P01,21,inwards,2,
P01,22,outwards,24,
P01,23,inwards,27,
P01,24,outwards,NA,
P01,25,inwards,5,
P01,26,outwards,11,
P01,27,inwards,19,
P01,28,outwards,24,
P01,29,inwards,26,
P01,30,outwards,5,
P01,31,inwards,6,
P01,32,outwards,9,
P01,33,inwards,16,
P01,34,outwards,21,
P01,35,inwards,30,
P01,36,outwards,3,
P01,37,inwards,6,
P01,38,outwards,29,
P01,39,inwards,5,
P01,40,outwards,7,
P01,41,inwards,9,
P01,42,outwards,17,
P01,43,inwards,4,
P01,44,outwards,15,
P01,45,inwards,13,
P01,46,outwards,2,
P01,47,inwards,20,
P01,48,outwards,25,
P01,49,inwards,12,
P01,50,outwards,16,
P01,51,inwards,NA,
P01,52,outwards,NA,
P01,53,inwards,4,
P01,54,outwards,6,
P01,55,inwards,29,
P01,56,outwards,4,
P01,57,inwards,NA,
P01,58,outwards,NA,
P01,59,inwards,11,
P01,60,outwards,7,
P01,61,inwards,19,
P01,62,outwards,4,
P01,63,inwards,5,
P01,64,outwards,NA,
P01,65,inwards,6,
P01,66,outwards,11,
P01,67,inwards,15,
P01,68,outwards,30,
P01,69,inwards,21,
P01,70,outwards,25,
P01,71,inwards,8,
P01,72,outwards,3,
P01,73,inwards,30,
P01,74,outwards,4,
P01,75,inwards,10,
P01,76,outwards,9,
P01,77,inwards,6,
P01,78,outwards,2,
P01,79,inwards,30,
P01,80,outwards,NA,Participant had to take a few breaks during the task. He also missed some beats
P01,81,inwards,4,
P01,82,outwards,7,
P01,83,inwards,19,
P01,84,outwards,22,
P01,85,inwards,4,
P01,86,outwards,7,
P01,87,inwards,NA,
P01,88,outwards,NA,
P01,89,inwards,NA,
P01,90,outwards,NA,
P01,91,inwards,NA,
P01,92,outwards,NA,
P01,93,inwards,NA,
P01,94,outwards,NA,
P01,95,inwards,NA,
P01,96,outwards,NA,
P01,97,inwards,NA,
P01,98,outwards,NA,
P01,99,inwards,NA,
P01,100,outwards,NA,
P02,1,inwards,1,
P02,2,outwards,17,
P02,3,inwards,25,
P02,4,outwards,28,
P02,5,inwards,30,
P02,6,outwards,11,
P02,7,inwards,5,
P02,8,outwards,12,
P02,9,inwards,17,
P02,10,outwards,23,
P02,11,inwards,27,
P02,12,outwards,11,
P02,13,inwards,3,
P02,14,outwards,8,
P02,15,inwards,9,
P02,16,outwards,12,
P02,17,inwards,18,
P02,18,outwards,23,
P02,19,inwards,24,
P02,20,outwards,30,
P02,21,inwards,1,
P02,22,outwards,5,
P02,23,inwards,7,
P02,24,outwards,11,
P02,25,inwards,14,
P02,26,outwards,22,
P02,27,inwards,17,
P02,28,outwards,18,
P02,29,inwards,29,
P02,30,outwards,27,
P02,31,inwards,3,
P02,32,outwards,4,
P02,33,inwards,5,
P02,34,outwards,8,
P02,35,inwards,12,
P02,36,outwards,17,
P02,37,inwards,18,
P02,38,outwards,27,
P02,39,inwards,25,
P02,40,outwards,23,
P02,41,inwards,20,
P02,42,outwards,30,
P02,43,inwards,11,
P02,44,outwards,12,
P02,45,inwards,14,
P02,46,outwards,4,
P02,47,inwards,7,
P02,48,outwards,11,
P02,49,inwards,18,
P02,50,outwards,21,
P02,51,inwards,19,
P02,52,outwards,30,
P02,53,inwards,1,
P02,54,outwards,7,
P02,55,inwards,15,
P02,56,outwards,21,
P02,57,inwards,25,
P02,58,outwards,30,
P02,59,inwards,12,
P02,60,outwards,16,
P02,61,inwards,6,
P02,62,outwards,18,
P02,63,inwards,24,
P02,64,outwards,23,
P02,65,inwards,NA,
P02,66,outwards,12,
P02,67,inwards,15,
P02,68,outwards,17,
P02,69,inwards,18,
P02,70,outwards,19,
P02,71,inwards,NA,
P02,72,outwards,NA,
P02,73,inwards,NA,
P02,74,outwards,22,
P02,75,inwards,17,
P02,76,outwards,15,
P02,77,inwards,11,
P02,78,outwards,7,
P02,79,inwards,6,
P02,80,outwards,5,Fluent but at times the particpant missed some beats.
P02,81,inwards,1,
P02,82,outwards,3,
P02,83,inwards,12,
P02,84,outwards,18,
P02,85,inwards,21,
P02,86,outwards,23,
P02,87,inwards,NA,
P02,88,outwards,NA,
P02,89,inwards,NA,
P02,90,outwards,NA,
P02,91,inwards,NA,
P02,92,outwards,NA,
P02,93,inwards,NA,
P02,94,outwards,NA,
P02,95,inwards,NA,
P02,96,outwards,NA,
P02,97,inwards,NA,
P02,98,outwards,NA,
P02,99,inwards,NA,
P02,100,outwards,NA,
P03,1,inwards,5,
P03,2,outwards,10,
P03,3,inwards,12,
P03,4,outwards,7,
P03,5,inwards,3,
P03,6,outwards,29,
P03,7,inwards,28,
P03,8,outwards,5,
P03,9,inwards,6,
P03,10,outwards,13,
P03,11,inwards,15,
P03,12,outwards,21,
P03,13,inwards,27,
P03,14,outwards,30,
P03,15,inwards,6,
P03,16,outwards,2,
P03,17,inwards,3,
P03,18,outwards,10,
P03,19,inwards,9,
P03,20,outwards,13,
P03,21,inwards,20,
P03,22,outwards,22,
P03,23,inwards,15,
P03,24,outwards,7,
P03,25,inwards,26,
P03,26,outwards,30,
P03,27,inwards,1,
P03,28,outwards,5,
P03,29,inwards,10,
P03,30,outwards,8,
P03,31,inwards,16,
P03,32,outwards,17,
P03,33,inwards,21,
P03,34,outwards,23,
P03,35,inwards,28,
P03,36,outwards,18,
P03,37,inwards,19,
P03,38,outwards,1,
P03,39,inwards,15,
P03,40,outwards,18,
P03,41,inwards,28,
P03,42,outwards,6,
P03,43,inwards,9,
P03,44,outwards,13,
P03,45,inwards,17,
P03,46,outwards,28,
P03,47,inwards,26,
P03,48,outwards,21,
P03,49,inwards,25,
P03,50,outwards,30,
P03,51,inwards,7,
P03,52,outwards,5,
P03,53,inwards,4,
P03,54,outwards,9,
P03,55,inwards,6,
P03,56,outwards,8,
P03,57,inwards,4,
P03,58,outwards,11,
P03,59,inwards,13,
P03,60,outwards,16,
P03,61,inwards,25,
P03,62,outwards,21,
P03,63,inwards,22,
P03,64,outwards,25,
P03,65,inwards,20,
P03,66,outwards,30,
P03,67,inwards,29,
P03,68,outwards,3,
P03,69,inwards,5,
P03,70,outwards,13,
P03,71,inwards,14,
P03,72,outwards,20,
P03,73,inwards,10,
P03,74,outwards,3,
P03,75,inwards,7,
P03,76,outwards,13,
P03,77,inwards,14,
P03,78,outwards,20,
P03,79,inwards,21,
P03,80,outwards,28,fluent 
P03,81,inwards,25,
P03,82,outwards,NA,
P03,83,inwards,NA,
P03,84,outwards,NA,
P03,85,inwards,NA,
P03,86,outwards,NA,
P03,87,inwards,NA,
P03,88,outwards,NA,
P03,89,inwards,NA,
P03,90,outwards,NA,
P03,91,inwards,NA,
P03,92,outwards,NA,
P03,93,inwards,NA,
P03,94,outwards,NA,
P03,95,inwards,NA,
P03,96,outwards,NA,
P03,97,inwards,NA,
P03,98,outwards,NA,
P03,99,inwards,NA,
P03,100,outwards,NA,
P04,1,inwards,2,
P04,2,outwards,4,
P04,3,inwards,10,
P04,4,outwards,12,
P04,5,inwards,9,
P04,6,outwards,4,
P04,7,inwards,30,
P04,8,outwards,20,
P04,9,inwards,8,
P04,10,outwards,10,
P04,11,inwards,16,
P04,12,outwards,17,
P04,13,inwards,9,
P04,14,outwards,14,
P04,15,inwards,17,
P04,16,outwards,2,
P04,17,inwards,1,
P04,18,outwards,8,
P04,19,inwards,13,
P04,20,outwards,18,
P04,21,inwards,24,
P04,22,outwards,30,
P04,23,inwards,25,
P04,24,outwards,16,
P04,25,inwards,18,
P04,26,outwards,24,
P04,27,inwards,30,
P04,28,outwards,NA,32
P04,29,inwards,NA,33
P04,30,outwards,24,
P04,31,inwards,13,
P04,32,outwards,1,
P04,33,inwards,3,
P04,34,outwards,23,
P04,35,inwards,13,
P04,36,outwards,19,
P04,37,inwards,25,
P04,38,outwards,16,
P04,39,inwards,24,
P04,40,outwards,30,
P04,41,inwards,1,
P04,42,outwards,8,
P04,43,inwards,10,
P04,44,outwards,9,
P04,45,inwards,25,
P04,46,outwards,24,
P04,47,inwards,8,
P04,48,outwards,9,
P04,49,inwards,14,
P04,50,outwards,2,
P04,51,inwards,3,
P04,52,outwards,6,
P04,53,inwards,1,
P04,54,outwards,20,
P04,55,inwards,22,
P04,56,outwards,29,
P04,57,inwards,19,
P04,58,outwards,1,
P04,59,inwards,2,
P04,60,outwards,13,
P04,61,inwards,15,
P04,62,outwards,9,
P04,63,inwards,1,
P04,64,outwards,30,
P04,65,inwards,24,
P04,66,outwards,8,
P04,67,inwards,9,
P04,68,outwards,25,
P04,69,inwards,2,
P04,70,outwards,10,
P04,71,inwards,30,
P04,72,outwards,24,
P04,73,inwards,25,
P04,74,outwards,12,
P04,75,inwards,12,
P04,76,outwards,14,
P04,77,inwards,18,
P04,78,outwards,16,
P04,79,inwards,1,
P04,80,outwards,8,Fluent
P04,81,inwards,9,
P04,82,outwards,10,
P04,83,inwards,11,
P04,84,outwards,16,
P04,85,inwards,NA,
P04,86,outwards,NA,
P04,87,inwards,NA,
P04,88,outwards,NA,
P04,89,inwards,NA,
P04,90,outwards,NA,
P04,91,inwards,NA,
P04,92,outwards,NA,
P04,93,inwards,NA,
P04,94,outwards,NA,
P04,95,inwards,NA,
P04,96,outwards,NA,
P04,97,inwards,NA,
P04,98,outwards,NA,
P04,99,inwards,NA,
P04,100,outwards,NA,
P05,1,inwards,13,
P05,2,outwards,15,
P05,3,inwards,2,
P05,4,outwards,5,
P05,5,inwards,8,
P05,6,outwards,30,
P05,7,inwards,22,
P05,8,outwards,11,
P05,9,inwards,28,
P05,10,outwards,24,
P05,11,inwards,3,
P05,12,outwards,1,
P05,13,inwards,11,
P05,14,outwards,9,
P05,15,inwards,4,
P05,16,outwards,14,
P05,17,inwards,15,
P05,18,outwards,19,
P05,19,inwards,29,
P05,20,outwards,23,
P05,21,inwards,25,
P05,22,outwards,24,
P05,23,inwards,11,
P05,24,outwards,18,
P05,25,inwards,15,
P05,26,outwards,6,
P05,27,inwards,8,
P05,28,outwards,2,
P05,29,inwards,7,
P05,30,outwards,24,
P05,31,inwards,29,
P05,32,outwards,1,
P05,33,inwards,30,
P05,34,outwards,14,
P05,35,inwards,2,
P05,36,outwards,15,
P05,37,inwards,19,
P05,38,outwards,16,
P05,39,inwards,24,
P05,40,outwards,15,
P05,41,inwards,25,
P05,42,outwards,26,
P05,43,inwards,29,
P05,44,outwards,2,
P05,45,inwards,4,
P05,46,outwards,24,
P05,47,inwards,23,
P05,48,outwards,3,
P05,49,inwards,12,
P05,50,outwards,18,
P05,51,inwards,15,
P05,52,outwards,24,
P05,53,inwards,29,
P05,54,outwards,27,
P05,55,inwards,7,
P05,56,outwards,8,
P05,57,inwards,23,
P05,58,outwards,27,
P05,59,inwards,17,
P05,60,outwards,19,
P05,61,inwards,17,
P05,62,outwards,3,
P05,63,inwards,5,
P05,64,outwards,25,
P05,65,inwards,15,
P05,66,outwards,10,
P05,67,inwards,11,
P05,68,outwards,2,
P05,69,inwards,1,
P05,70,outwards,22,
P05,71,inwards,21,
P05,72,outwards,30,
P05,73,inwards,12,
P05,74,outwards,13,
P05,75,inwards,15,
P05,76,outwards,12,
P05,77,inwards,19,
P05,78,outwards,21,
P05,79,inwards,30,
P05,80,outwards,29,Fluent 
P05,81,inwards,19,
P05,82,outwards,1,
P05,83,inwards,NA,
P05,84,outwards,NA,
P05,85,inwards,NA,
P05,86,outwards,NA,
P05,87,inwards,NA,
P05,88,outwards,NA,
P05,89,inwards,NA,
P05,90,outwards,NA,
P05,91,inwards,NA,
P05,92,outwards,NA,
P05,93,inwards,NA,
P05,94,outwards,NA,
P05,95,inwards,NA,
P05,96,outwards,NA,
P05,97,inwards,NA,
P05,98,outwards,NA,
P05,99,inwards,NA,
P05,100,outwards,NA,
P06,1,inwards,3,
P06,2,outwards,14,
P06,3,inwards,22,
P06,4,outwards,26,
P06,5,inwards,13,
P06,6,outwards,9,
P06,7,inwards,11,
P06,8,outwards,17,
P06,9,inwards,10,
P06,10,outwards,5,
P06,11,inwards,26,
P06,12,outwards,30,
P06,13,inwards,12,
P06,14,outwards,4,
P06,15,inwards,28,
P06,16,outwards,18,
P06,17,inwards,4,
P06,18,outwards,22,
P06,19,inwards,9,
P06,20,outwards,1,
P06,21,inwards,12,
P06,22,outwards,17,
P06,23,inwards,26,
P06,24,outwards,11,
P06,25,inwards,29,
P06,26,outwards,24,
P06,27,inwards,3,
P06,28,outwards,18,
P06,29,inwards,15,
P06,30,outwards,1,
P06,31,inwards,21,
P06,32,outwards,13,
P06,33,inwards,14,
P06,34,outwards,9,
P06,35,inwards,17,
P06,36,outwards,28,
P06,37,inwards,5,
P06,38,outwards,18,
P06,39,inwards,26,
P06,40,outwards,9,
P06,41,inwards,14,
P06,42,outwards,28,
P06,43,inwards,30,
P06,44,outwards,3,
P06,45,inwards,6,
P06,46,outwards,12,
P06,47,inwards,15,
P06,48,outwards,22,
P06,49,inwards,12,
P06,50,outwards,26,
P06,51,inwards,4,
P06,52,outwards,8,
P06,53,inwards,12,
P06,54,outwards,16,
P06,55,inwards,19,
P06,56,outwards,2,
P06,57,inwards,16,
P06,58,outwards,23,
P06,59,inwards,5,
P06,60,outwards,14,
P06,61,inwards,29,
P06,62,outwards,7,
P06,63,inwards,16,
P06,64,outwards,22,
P06,65,inwards,4,
P06,66,outwards,12,
P06,67,inwards,17,
P06,68,outwards,24,
P06,69,inwards,16,
P06,70,outwards,6,
P06,71,inwards,17,
P06,72,outwards,NA,
P06,73,inwards,7,
P06,74,outwards,21,
P06,75,inwards,26,
P06,76,outwards,8,
P06,77,inwards,11,
P06,78,outwards,19,
P06,79,inwards,22,
P06,80,outwards,8,"Fluent, only one disfluency"
P06,81,inwards,20,
P06,82,outwards,2,
P06,83,inwards,3,
P06,84,outwards,14,
P06,85,inwards,NA,
P06,86,outwards,NA,
P06,87,inwards,NA,
P06,88,outwards,NA,
P06,89,inwards,NA,
P06,90,outwards,NA,
P06,91,inwards,NA,
P06,92,outwards,NA,
P06,93,inwards,NA,
P06,94,outwards,NA,
P06,95,inwards,NA,
P06,96,outwards,NA,
P06,97,inwards,NA,
P06,98,outwards,NA,
P06,99,inwards,NA,
P06,100,outwards,NA,
P07,1,inwards,2,
P07,2,outwards,1,
P07,3,inwards,17,
P07,4,outwards,30,
P07,5,inwards,26,
P07,6,outwards,15,
P07,7,inwards,3,
P07,8,outwards,6,
P07,9,inwards,NA,
P07,10,outwards,11,
P07,11,inwards,21,
P07,12,outwards,19,
P07,13,inwards,17,
P07,14,outwards,5,
P07,15,inwards,1,
P07,16,outwards,30,
P07,17,inwards,21,
P07,18,outwards,25,
P07,19,inwards,11,
P07,20,outwards,3,
P07,21,inwards,8,
P07,22,outwards,10,
P07,23,inwards,15,
P07,24,outwards,21,
P07,25,inwards,22,
P07,26,outwards,30,
P07,27,inwards,2,
P07,28,outwards,11,
P07,29,inwards,15,
P07,30,outwards,30,
P07,31,inwards,25,
P07,32,outwards,21,
P07,33,inwards,3,
P07,34,outwards,6,
P07,35,inwards,11,
P07,36,outwards,18,
P07,37,inwards,30,
P07,38,outwards,25,
P07,39,inwards,18,
P07,40,outwards,3,
P07,41,inwards,1,
P07,42,outwards,10,
P07,43,inwards,20,
P07,44,outwards,30,
P07,45,inwards,21,
P07,46,outwards,2,
P07,47,inwards,7,
P07,48,outwards,8,
P07,49,inwards,12,
P07,50,outwards,20,
P07,51,inwards,22,
P07,52,outwards,30,
P07,53,inwards,26,
P07,54,outwards,15,
P07,55,inwards,11,
P07,56,outwards,1,
P07,57,inwards,3,
P07,58,outwards,5,
P07,59,inwards,12,
P07,60,outwards,21,
P07,61,inwards,30,
P07,62,outwards,25,
P07,63,inwards,11,
P07,64,outwards,4,
P07,65,inwards,9,
P07,66,outwards,13,
P07,67,inwards,18,
P07,68,outwards,27,
P07,69,inwards,11,
P07,70,outwards,5?,
P07,71,inwards,2,
P07,72,outwards,14,
P07,73,inwards,29,
P07,74,outwards,15,
P07,75,inwards,12,
P07,76,outwards,1,
P07,77,inwards,8,
P07,78,outwards,29,
P07,79,inwards,14,
P07,80,outwards,18,"Apart from some minor disfluencies at times, the partecipant did the task well. "
P07,81,inwards,15,
P07,82,outwards,2,
P07,83,inwards,NA,
P07,84,outwards,NA,
P07,85,inwards,NA,
P07,86,outwards,NA,
P07,87,inwards,NA,
P07,88,outwards,NA,
P07,89,inwards,NA,
P07,90,outwards,NA,
P07,91,inwards,NA,
P07,92,outwards,NA,
P07,93,inwards,NA,
P07,94,outwards,NA,
P07,95,inwards,NA,
P07,96,outwards,NA,
P07,97,inwards,NA,
P07,98,outwards,NA,
P07,99,inwards,NA,
P07,100,outwards,NA,
P08,1,inwards,18,
P08,2,outwards,16,
P08,3,inwards,3,
P08,4,outwards,7,
P08,5,inwards,15,
P08,6,outwards,1,
P08,7,inwards,30,
P08,8,outwards,19,
P08,9,inwards,21,
P08,10,outwards,2,
P08,11,inwards,4,
P08,12,outwards,23,
P08,13,inwards,28,
P08,14,outwards,27,
P08,15,inwards,6,
P08,16,outwards,12,
P08,17,inwards,1,
P08,18,outwards,9,
P08,19,inwards,18,
P08,20,outwards,3,
P08,21,inwards,22,
P08,22,outwards,16,
P08,23,inwards,29,
P08,24,outwards,21,
P08,25,inwards,4,
P08,26,outwards,7,
P08,27,inwards,14,
P08,28,outwards,3,
P08,29,inwards,28,
P08,30,outwards,25,
P08,31,inwards,11,
P08,32,outwards,6,
P08,33,inwards,9,
P08,34,outwards,3,
P08,35,inwards,17,
P08,36,outwards,21,
P08,37,inwards,26,
P08,38,outwards,3,
P08,39,inwards,9,
P08,40,outwards,7,
P08,41,inwards,12,
P08,42,outwards,19,
P08,43,inwards,25,
P08,44,outwards,21,
P08,45,inwards,18,
P08,46,outwards,30,
P08,47,inwards,2,
P08,48,outwards,26,
P08,49,inwards,17,
P08,50,outwards,28,
P08,51,inwards,22,
P08,52,outwards,24,
P08,53,inwards,5,
P08,54,outwards,1,
P08,55,inwards,9,
P08,56,outwards,17,
P08,57,inwards,23,
P08,58,outwards,16,
P08,59,inwards,6,
P08,60,outwards,18,
P08,61,inwards,30,
P08,62,outwards,23,
P08,63,inwards,28,
P08,64,outwards,3,
P08,65,inwards,6,
P08,66,outwards,19,
P08,67,inwards,30,
P08,68,outwards,22,
P08,69,inwards,16,
P08,70,outwards,8,
P08,71,inwards,29,
P08,72,outwards,18,
P08,73,inwards,3,
P08,74,outwards,7,
P08,75,inwards,15,
P08,76,outwards,26,
P08,77,inwards,30,
P08,78,outwards,17,
P08,79,inwards,3,
P08,80,outwards,1,"At the beginning of the task, she said a number with her hands in the outward position. She did the task quite well, but sometimes skipped a beat and was not always coordinated. That's why I decided to let her produce some extra numbers."
P08,81,inwards,22,
P08,82,outwards,4,
P08,83,inwards,18,
P08,84,outwards,27,
P08,85,inwards,16,
P08,86,outwards,2,
P08,87,inwards,30,
P08,88,outwards,17,
P08,89,inwards,NA,
P08,90,outwards,NA,
P08,91,inwards,NA,
P08,92,outwards,NA,
P08,93,inwards,NA,
P08,94,outwards,NA,
P08,95,inwards,NA,
P08,96,outwards,NA,
P08,97,inwards,NA,
P08,98,outwards,NA,
P08,99,inwards,NA,
P08,100,outwards,NA,
P09,1,inwards,1,
P09,2,outwards,5,
P09,3,inwards,17,
P09,4,outwards,8,
P09,5,inwards,30,
P09,6,outwards,21,
P09,7,inwards,5,
P09,8,outwards,17,
P09,9,inwards,23,
P09,10,outwards,27,
P09,11,inwards,2,
P09,12,outwards,4,
P09,13,inwards,7,
P09,14,outwards,13,
P09,15,inwards,11,
P09,16,outwards,27,
P09,17,inwards,28,
P09,18,outwards,1,
P09,19,inwards,4,
P09,20,outwards,12,
P09,21,inwards,17,
P09,22,outwards,23,
P09,23,inwards,28,
P09,24,outwards,29,
P09,25,inwards,1,
P09,26,outwards,7,
P09,27,inwards,2,
P09,28,outwards,14,
P09,29,inwards,15,
P09,30,outwards,30,
P09,31,inwards,1,
P09,32,outwards,8,
P09,33,inwards,18,
P09,34,outwards,16,
P09,35,inwards,5,
P09,36,outwards,3,
P09,37,inwards,14,
P09,38,outwards,16,
P09,39,inwards,25,
P09,40,outwards,27,
P09,41,inwards,30,
P09,42,outwards,1,
P09,43,inwards,7,
P09,44,outwards,10,
P09,45,inwards,20,
P09,46,outwards,23,
P09,47,inwards,21,
P09,48,outwards,29,
P09,49,inwards,9,
P09,50,outwards,8,
P09,51,inwards,13,
P09,52,outwards,15,
P09,53,inwards,19,
P09,54,outwards,30,
P09,55,inwards,17,
P09,56,outwards,25,
P09,57,inwards,23,
P09,58,outwards,21,
P09,59,inwards,2,
P09,60,outwards,4,
P09,61,inwards,7,
P09,62,outwards,15,
P09,63,inwards,11,
P09,64,outwards,24,
P09,65,inwards,26,
P09,66,outwards,30,
P09,67,inwards,NA,
P09,68,outwards,2,
P09,69,inwards,15,
P09,70,outwards,17,
P09,71,inwards,5,
P09,72,outwards,8,
P09,73,inwards,27,
P09,74,outwards,11,
P09,75,inwards,12,
P09,76,outwards,6,
P09,77,inwards,4,
P09,78,outwards,1,
P09,79,inwards,30,
P09,80,outwards,27,Only 1 disfluency
P09,81,inwards,22,
P09,82,outwards,21,
P09,83,inwards,NA,
P09,84,outwards,NA,
P09,85,inwards,NA,
P09,86,outwards,NA,
P09,87,inwards,NA,
P09,88,outwards,NA,
P09,89,inwards,NA,
P09,90,outwards,NA,
P09,91,inwards,NA,
P09,92,outwards,NA,
P09,93,inwards,NA,
P09,94,outwards,NA,
P09,95,inwards,NA,
P09,96,outwards,NA,
P09,97,inwards,NA,
P09,98,outwards,NA,
P09,99,inwards,NA,
P09,100,outwards,NA,
P10,1,inwards,2,
P10,2,outwards,18,
P10,3,inwards,13,
P10,4,outwards,9,
P10,5,inwards,24,
P10,6,outwards,21,
P10,7,inwards,6,
P10,8,outwards,NA,
P10,9,inwards,11,
P10,10,outwards,21,
P10,11,inwards,27,
P10,12,outwards,3,
P10,13,inwards,7,
P10,14,outwards,15,
P10,15,inwards,16,
P10,16,outwards,19,
P10,17,inwards,3,
P10,18,outwards,29,
P10,19,inwards,11,
P10,20,outwards,14,
P10,21,inwards,24,
P10,22,outwards,25,
P10,23,inwards,30,
P10,24,outwards,16,
P10,25,inwards,6,
P10,26,outwards,5,
P10,27,inwards,10,
P10,28,outwards,13,
P10,29,inwards,14,
P10,30,outwards,9,
P10,31,inwards,22,
P10,32,outwards,20,
P10,33,inwards,13,
P10,34,outwards,8,
P10,35,inwards,4,
P10,36,outwards,1,
P10,37,inwards,19,
P10,38,outwards,17,
P10,39,inwards,22,
P10,40,outwards,23,
P10,41,inwards,22,
P10,42,outwards,22,
P10,43,inwards,16,
P10,44,outwards,19,
P10,45,inwards,8,
P10,46,outwards,7,
P10,47,inwards,6,
P10,48,outwards,11,
P10,49,inwards,20,
P10,50,outwards,4,
P10,51,inwards,16,
P10,52,outwards,19,
P10,53,inwards,3,
P10,54,outwards,13,
P10,55,inwards,8,
P10,56,outwards,28,
P10,57,inwards,27,
P10,58,outwards,25,
P10,59,inwards,14,
P10,60,outwards,15,
P10,61,inwards,13,
P10,62,outwards,30,
P10,63,inwards,3,
P10,64,outwards,13,
P10,65,inwards,1,
P10,66,outwards,18,
P10,67,inwards,6,
P10,68,outwards,18,
P10,69,inwards,4,
P10,70,outwards,5,
P10,71,inwards,9,
P10,72,outwards,25,
P10,73,inwards,13,
P10,74,outwards,16,
P10,75,inwards,19,
P10,76,outwards,21,
P10,77,inwards,24,
P10,78,outwards,8,
P10,79,inwards,22,
P10,80,outwards,16,few dislfluencies
P10,81,inwards,8,
P10,82,outwards,7,
P10,83,inwards,NA,
P10,84,outwards,NA,
P10,85,inwards,NA,
P10,86,outwards,NA,
P10,87,inwards,NA,
P10,88,outwards,NA,
P10,89,inwards,NA,
P10,90,outwards,NA,
P10,91,inwards,NA,
P10,92,outwards,NA,
P10,93,inwards,NA,
P10,94,outwards,NA,
P10,95,inwards,NA,
P10,96,outwards,NA,
P10,97,inwards,NA,
P10,98,outwards,NA,
P10,99,inwards,NA,
P10,100,outwards,NA,
P12,1,inwards,5,
P12,2,outwards,30,
P12,3,inwards,25,
P12,4,outwards,20,
P12,5,inwards,13,
P12,6,outwards,15,
P12,7,inwards,1,
P12,8,outwards,3,
P12,9,inwards,28,
P12,10,outwards,20,
P12,11,inwards,14,
P12,12,outwards,10,
P12,13,inwards,9,
P12,14,outwards,11,
P12,15,inwards,22,
P12,16,outwards,29,
P12,17,inwards,22,
P12,18,outwards,25,
P12,19,inwards,14,
P12,20,outwards,3,
P12,21,inwards,7,
P12,22,outwards,8,
P12,23,inwards,21,
P12,24,outwards,17,
P12,25,inwards,14,
P12,26,outwards,25,
P12,27,inwards,26,
P12,28,outwards,1,
P12,29,inwards,11,
P12,30,outwards,30,
P12,31,inwards,25,
P12,32,outwards,21,
P12,33,inwards,23,
P12,34,outwards,11,
P12,35,inwards,13,
P12,36,outwards,14,
P12,37,inwards,16,
P12,38,outwards,26,
P12,39,inwards,11,
P12,40,outwards,27,
P12,41,inwards,28,
P12,42,outwards,14,
P12,43,inwards,17,
P12,44,outwards,18,
P12,45,inwards,21,
P12,46,outwards,27,
P12,47,inwards,25,
P12,48,outwards,20,
P12,49,inwards,18,
P12,50,outwards,22,
P12,51,inwards,23,
P12,52,outwards,17,
P12,53,inwards,18,
P12,54,outwards,30,
P12,55,inwards,27,
P12,56,outwards,25,
P12,57,inwards,1,
P12,58,outwards,5,
P12,59,inwards,7,
P12,60,outwards,9,
P12,61,inwards,12,
P12,62,outwards,14,
P12,63,inwards,22,
P12,64,outwards,20,
P12,65,inwards,16,
P12,66,outwards,25,
P12,67,inwards,27,
P12,68,outwards,28,
P12,69,inwards,30,
P12,70,outwards,1,
P12,71,inwards,4,
P12,72,outwards,7,
P12,73,inwards,10,
P12,74,outwards,25,
P12,75,inwards,30,
P12,76,outwards,NA,
P12,77,inwards,NA,
P12,78,outwards,4,
P12,79,inwards,5,
P12,80,outwards,8,some disfluencies but did the task well
P12,81,inwards,9,
P12,82,outwards,12,
P12,83,inwards,16,
P12,84,outwards,22,
P12,85,inwards,24,
P12,86,outwards,30,
P12,87,inwards,25,
P12,88,outwards,26,
P12,89,inwards,28,
P12,90,outwards,NA,
P12,91,inwards,NA,
P12,92,outwards,NA,
P12,93,inwards,NA,
P12,94,outwards,NA,
P12,95,inwards,NA,
P12,96,outwards,NA,
P12,97,inwards,NA,
P12,98,outwards,NA,
P12,99,inwards,NA,
P12,100,outwards,NA,
P13,1,inwards,5,
P13,2,outwards,15,
P13,3,inwards,18,
P13,4,outwards,26,
P13,5,inwards,3,
P13,6,outwards,8,
P13,7,inwards,12,
P13,8,outwards,22,
P13,9,inwards,11,
P13,10,outwards,19,
P13,11,inwards,26,
P13,12,outwards,6,
P13,13,inwards,30,
P13,14,outwards,20,
P13,15,inwards,19,
P13,16,outwards,8,
P13,17,inwards,2,
P13,18,outwards,29,
P13,19,inwards,8,
P13,20,outwards,16,
P13,21,inwards,23,
P13,22,outwards,15,
P13,23,inwards,11,
P13,24,outwards,4,
P13,25,inwards,9,
P13,26,outwards,28,
P13,27,inwards,24,
P13,28,outwards,11,
P13,29,inwards,18,
P13,30,outwards,20,
P13,31,inwards,30,
P13,32,outwards,2,
P13,33,inwards,6,
P13,34,outwards,10,
P13,35,inwards,13,
P13,36,outwards,19,
P13,37,inwards,24,
P13,38,outwards,3,
P13,39,inwards,8,
P13,40,outwards,16,
P13,41,inwards,29,
P13,42,outwards,21,
P13,43,inwards,15,
P13,44,outwards,19,
P13,45,inwards,3,
P13,46,outwards,7,
P13,47,inwards,10,
P13,48,outwards,24,
P13,49,inwards,30,
P13,50,outwards,1,
P13,51,inwards,8,
P13,52,outwards,15,
P13,53,inwards,22,
P13,54,outwards,24,
P13,55,inwards,13,
P13,56,outwards,20,
P13,57,inwards,9,
P13,58,outwards,2,
P13,59,inwards,8,
P13,60,outwards,12,
P13,61,inwards,15,
P13,62,outwards,27,
P13,63,inwards,22,
P13,64,outwards,12,
P13,65,inwards,14,
P13,66,outwards,5,
P13,67,inwards,1,
P13,68,outwards,10,
P13,69,inwards,20,
P13,70,outwards,26,
P13,71,inwards,30,
P13,72,outwards,4,
P13,73,inwards,7,
P13,74,outwards,10,
P13,75,inwards,15,
P13,76,outwards,22,
P13,77,inwards,18,
P13,78,outwards,23,
P13,79,inwards,29,
P13,80,outwards,2,Fluent
P13,81,inwards,7,
P13,82,outwards,NA,
P13,83,inwards,NA,
P13,84,outwards,NA,
P13,85,inwards,NA,
P13,86,outwards,NA,
P13,87,inwards,NA,
P13,88,outwards,NA,
P13,89,inwards,NA,
P13,90,outwards,NA,
P13,91,inwards,NA,
P13,92,outwards,NA,
P13,93,inwards,NA,
P13,94,outwards,NA,
P13,95,inwards,NA,
P13,96,outwards,NA,
P13,97,inwards,NA,
P13,98,outwards,NA,
P13,99,inwards,NA,
P13,100,outwards,NA,
P14,1,inwards,21,
P14,2,outwards,30,
P14,3,inwards,8,
P14,4,outwards,11,
P14,5,inwards,14,
P14,6,outwards,23,
P14,7,inwards,7,
P14,8,outwards,30,
P14,9,inwards,1,
P14,10,outwards,9,
P14,11,inwards,10,
P14,12,outwards,25,
P14,13,inwards,23,
P14,14,outwards,18,
P14,15,inwards,8,
P14,16,outwards,4,
P14,17,inwards,22,
P14,18,outwards,26,
P14,19,inwards,14,
P14,20,outwards,13,
P14,21,inwards,9,
P14,22,outwards,23,
P14,23,inwards,18,
P14,24,outwards,2,
P14,25,inwards,6,
P14,26,outwards,29,
P14,27,inwards,22,
P14,28,outwards,14,
P14,29,inwards,18,
P14,30,outwards,7,
P14,31,inwards,4,
P14,32,outwards,30,
P14,33,inwards,22,
P14,34,outwards,11,
P14,35,inwards,NA,
P14,36,outwards,NA,
P14,37,inwards,14,
P14,38,outwards,18,
P14,39,inwards,22,
P14,40,outwards,29,
P14,41,inwards,30,
P14,42,outwards,4,
P14,43,inwards,6,
P14,44,outwards,8,
P14,45,inwards,9,
P14,46,outwards,11,
P14,47,inwards,14,
P14,48,outwards,18,
P14,49,inwards,17,
P14,50,outwards,29,
P14,51,inwards,21,
P14,52,outwards,24,
P14,53,inwards,5,
P14,54,outwards,6,
P14,55,inwards,8,
P14,56,outwards,11,
P14,57,inwards,18,
P14,58,outwards,NA,
P14,59,inwards,NA,
P14,60,outwards,19,
P14,61,inwards,23,
P14,62,outwards,7,
P14,63,inwards,8,
P14,64,outwards,11,
P14,65,inwards,17,
P14,66,outwards,25,
P14,67,inwards,5,
P14,68,outwards,6,
P14,69,inwards,23,
P14,70,outwards,13,
P14,71,inwards,11,
P14,72,outwards,29,
P14,73,inwards,4,
P14,74,outwards,30,
P14,75,inwards,1,
P14,76,outwards,24,
P14,77,inwards,26,
P14,78,outwards,14,
P14,79,inwards,15,
P14,80,outwards,8,few disfluencies
P14,81,inwards,18,
P14,82,outwards,27,
P14,83,inwards,17,
P14,84,outwards,11,
P14,85,inwards,4,
P14,86,outwards,5,
P14,87,inwards,16,
P14,88,outwards,28,
P14,89,inwards,27,
P14,90,outwards,14,
P14,91,inwards,15,
P14,92,outwards,1,
P14,93,inwards,3,
P14,94,outwards,NA,
P14,95,inwards,NA,
P14,96,outwards,NA,
P14,97,inwards,NA,
P14,98,outwards,NA,
P14,99,inwards,NA,
P14,100,outwards,NA,
P15,1,inwards,4,
P15,2,outwards,3,
P15,3,inwards,5,
P15,4,outwards,17,
P15,5,inwards,22,
P15,6,outwards,30,
P15,7,inwards,25,
P15,8,outwards,17,
P15,9,inwards,10,
P15,10,outwards,7,
P15,11,inwards,21,
P15,12,outwards,24,
P15,13,inwards,22,
P15,14,outwards,19,
P15,15,inwards,5,
P15,16,outwards,9,
P15,17,inwards,1,
P15,18,outwards,30,
P15,19,inwards,28,
P15,20,outwards,24,
P15,21,inwards,20,
P15,22,outwards,16,
P15,23,inwards,14,
P15,24,outwards,3,
P15,25,inwards,1,
P15,26,outwards,5,
P15,27,inwards,10,
P15,28,outwards,14,
P15,29,inwards,30,
P15,30,outwards,28,
P15,31,inwards,21,
P15,32,outwards,24,
P15,33,inwards,9,
P15,34,outwards,1,
P15,35,inwards,2,
P15,36,outwards,7,
P15,37,inwards,10,
P15,38,outwards,30,
P15,39,inwards,22,
P15,40,outwards,8,
P15,41,inwards,10,
P15,42,outwards,12,
P15,43,inwards,20,
P15,44,outwards,29,
P15,45,inwards,21,
P15,46,outwards,25,
P15,47,inwards,8,
P15,48,outwards,10,
P15,49,inwards,2,
P15,50,outwards,9,
P15,51,inwards,13,
P15,52,outwards,22,
P15,53,inwards,30,
P15,54,outwards,8,
P15,55,inwards,21,
P15,56,outwards,24,
P15,57,inwards,28,
P15,58,outwards,10,
P15,59,inwards,8,
P15,60,outwards,1,
P15,61,inwards,7,
P15,62,outwards,8,
P15,63,inwards,22,
P15,64,outwards,24,
P15,65,inwards,29,
P15,66,outwards,30,
P15,67,inwards,31,
P15,68,outwards,NA,
P15,69,inwards,NA,
P15,70,outwards,1,
P15,71,inwards,4,
P15,72,outwards,7,
P15,73,inwards,10,
P15,74,outwards,20,
P15,75,inwards,19,
P15,76,outwards,17,
P15,77,inwards,28,
P15,78,outwards,22,
P15,79,inwards,10,
P15,80,outwards,8,fluent
P15,81,inwards,11,
P15,82,outwards,15,
P15,83,inwards,21,
P15,84,outwards,20,
P15,85,inwards,NA,
P15,86,outwards,NA,
P15,87,inwards,NA,
P15,88,outwards,NA,
P15,89,inwards,NA,
P15,90,outwards,NA,
P15,91,inwards,NA,
P15,92,outwards,NA,
P15,93,inwards,NA,
P15,94,outwards,NA,
P15,95,inwards,NA,
P15,96,outwards,NA,
P15,97,inwards,NA,
P15,98,outwards,NA,
P15,99,inwards,NA,
P15,100,outwards,NA,
P16,1,inwards,24,
P16,2,outwards,3,
P16,3,inwards,2,
P16,4,outwards,20,
P16,5,inwards,27,
P16,6,outwards,5,
P16,7,inwards,3,
P16,8,outwards,2,
P16,9,inwards,10,
P16,10,outwards,12,
P16,11,inwards,17,
P16,12,outwards,22,
P16,13,inwards,2,
P16,14,outwards,20,
P16,15,inwards,15,
P16,16,outwards,13,
P16,17,inwards,18,
P16,18,outwards,28,
P16,19,inwards,NA,
P16,20,outwards,NA,
P16,21,inwards,5,
P16,22,outwards,7,
P16,23,inwards,10,
P16,24,outwards,17,
P16,25,inwards,30,
P16,26,outwards,27,
P16,27,inwards,14,
P16,28,outwards,NA,
P16,29,inwards,NA,
P16,30,outwards,6,
P16,31,inwards,9,
P16,32,outwards,13,
P16,33,inwards,10,
P16,34,outwards,25,
P16,35,inwards,3,
P16,36,outwards,1,
P16,37,inwards,6,
P16,38,outwards,4,
P16,39,inwards,NA,
P16,40,outwards,NA,
P16,41,inwards,15,
P16,42,outwards,17,
P16,43,inwards,4,
P16,44,outwards,23,
P16,45,inwards,27,
P16,46,outwards,NA,
P16,47,inwards,6,
P16,48,outwards,NA,
P16,49,inwards,12,
P16,50,outwards,20,
P16,51,inwards,10,
P16,52,outwards,NA,
P16,53,inwards,5,
P16,54,outwards,12,
P16,55,inwards,30,
P16,56,outwards,6,
P16,57,inwards,21,
P16,58,outwards,8,
P16,59,inwards,16,
P16,60,outwards,18,
P16,61,inwards,3,
P16,62,outwards,21,
P16,63,inwards,9,
P16,64,outwards,19,
P16,65,inwards,25,
P16,66,outwards,30,
P16,67,inwards,23,
P16,68,outwards,4,
P16,69,inwards,1,
P16,70,outwards,5,
P16,71,inwards,12,
P16,72,outwards,3,
P16,73,inwards,2,
P16,74,outwards,7,
P16,75,inwards,10,
P16,76,outwards,16,
P16,77,inwards,18,
P16,78,outwards,26,
P16,79,inwards,22,
P16,80,outwards,19,"Participant was quite nervous, skipped a lot of beats, often could not come up with a number, but still managed to finish the task succesfully"
P16,81,inwards,2,
P16,82,outwards,27,
P16,83,inwards,23,
P16,84,outwards,NA,
P16,85,inwards,NA,
P16,86,outwards,9,
P16,87,inwards,5,
P16,88,outwards,4,
P16,89,inwards,2,
P16,90,outwards,1,
P16,91,inwards,NA,
P16,92,outwards,NA,
P16,93,inwards,NA,
P16,94,outwards,NA,
P16,95,inwards,NA,
P16,96,outwards,NA,
P16,97,inwards,NA,
P16,98,outwards,NA,
P16,99,inwards,NA,
P16,100,outwards,NA,
P17,1,inwards,4,
P17,2,outwards,8,
P17,3,inwards,10,
P17,4,outwards,11,
P17,5,inwards,6,
P17,6,outwards,9,
P17,7,inwards,14,
P17,8,outwards,18,
P17,9,inwards,22,
P17,10,outwards,27,
P17,11,inwards,30,
P17,12,outwards,11,
P17,13,inwards,29,
P17,14,outwards,28,
P17,15,inwards,16,
P17,16,outwards,4,
P17,17,inwards,5,
P17,18,outwards,13,
P17,19,inwards,15,
P17,20,outwards,18,
P17,21,inwards,2,
P17,22,outwards,7,
P17,23,inwards,6,
P17,24,outwards,11,
P17,25,inwards,15,
P17,26,outwards,19,
P17,27,inwards,23,
P17,28,outwards,25,
P17,29,inwards,27,
P17,30,outwards,29,
P17,31,inwards,2,
P17,32,outwards,4,
P17,33,inwards,8,
P17,34,outwards,10,
P17,35,inwards,13,
P17,36,outwards,15,
P17,37,inwards,11,
P17,38,outwards,8,
P17,39,inwards,17,
P17,40,outwards,21,
P17,41,inwards,23,
P17,42,outwards,19,
P17,43,inwards,16,
P17,44,outwards,12,
P17,45,inwards,1,
P17,46,outwards,6,
P17,47,inwards,5,
P17,48,outwards,7,
P17,49,inwards,11,
P17,50,outwards,15,
P17,51,inwards,17,
P17,52,outwards,24,
P17,53,inwards,26,
P17,54,outwards,19,
P17,55,inwards,20,
P17,56,outwards,27,
P17,57,inwards,4,
P17,58,outwards,5,
P17,59,inwards,9,
P17,60,outwards,11,
P17,61,inwards,23,
P17,62,outwards,7,
P17,63,inwards,1,
P17,64,outwards,8,
P17,65,inwards,25,
P17,66,outwards,29,
P17,67,inwards,11,
P17,68,outwards,30,
P17,69,inwards,15,
P17,70,outwards,14,
P17,71,inwards,12,
P17,72,outwards,9,
P17,73,inwards,8,
P17,74,outwards,16,
P17,75,inwards,15,
P17,76,outwards,19,
P17,77,inwards,20,
P17,78,outwards,25,
P17,79,inwards,6,
P17,80,outwards,9,Fluent
P17,81,inwards,2,
P17,82,outwards,5,
P17,83,inwards,NA,
P17,84,outwards,NA,
P17,85,inwards,NA,
P17,86,outwards,NA,
P17,87,inwards,NA,
P17,88,outwards,NA,
P17,89,inwards,NA,
P17,90,outwards,NA,
P17,91,inwards,NA,
P17,92,outwards,NA,
P17,93,inwards,NA,
P17,94,outwards,NA,
P17,95,inwards,NA,
P17,96,outwards,NA,
P17,97,inwards,NA,
P17,98,outwards,NA,
P17,99,inwards,NA,
P17,100,outwards,NA,
P18,1,inwards,NA,
P18,2,outwards,NA,
P18,3,inwards,7,
P18,4,outwards,15,
P18,5,inwards,20,
P18,6,outwards,21,
P18,7,inwards,3,
P18,8,outwards,30,
P18,9,inwards,27,
P18,10,outwards,28,
P18,11,inwards,4,
P18,12,outwards,7,
P18,13,inwards,9,
P18,14,outwards,1,
P18,15,inwards,14,
P18,16,outwards,17,
P18,17,inwards,18,
P18,18,outwards,8,
P18,19,inwards,27,
P18,20,outwards,29,
P18,21,inwards,3,
P18,22,outwards,6,
P18,23,inwards,8,
P18,24,outwards,7,
P18,25,inwards,2,
P18,26,outwards,4,
P18,27,inwards,30,
P18,28,outwards,22,
P18,29,inwards,25,
P18,30,outwards,2,
P18,31,inwards,3,
P18,32,outwards,8,
P18,33,inwards,6,
P18,34,outwards,13,
P18,35,inwards,16,
P18,36,outwards,17,
P18,37,inwards,20,
P18,38,outwards,22,
P18,39,inwards,23,
P18,40,outwards,25,
P18,41,inwards,26,
P18,42,outwards,NA,
P18,43,inwards,3,
P18,44,outwards,12,
P18,45,inwards,15,
P18,46,outwards,16,
P18,47,inwards,2,
P18,48,outwards,4,
P18,49,inwards,5,
P18,50,outwards,27,
P18,51,inwards,28,
P18,52,outwards,13,
P18,53,inwards,16,
P18,54,outwards,18,
P18,55,inwards,8,
P18,56,outwards,1,
P18,57,inwards,12,
P18,58,outwards,16,
P18,59,inwards,26,
P18,60,outwards,27,
P18,61,inwards,12,
P18,62,outwards,3,
P18,63,inwards,6,
P18,64,outwards,8,
P18,65,inwards,7,
P18,66,outwards,30,
P18,67,inwards,22,
P18,68,outwards,21,
P18,69,inwards,25,
P18,70,outwards,24,
P18,71,inwards,4,
P18,72,outwards,5,
P18,73,inwards,6,
P18,74,outwards,7,
P18,75,inwards,1,
P18,76,outwards,8,
P18,77,inwards,15,
P18,78,outwards,16,
P18,79,inwards,23,
P18,80,outwards,7,Participant had some disfluency in the beginning
P18,81,inwards,9,
P18,82,outwards,NA,
P18,83,inwards,NA,
P18,84,outwards,NA,
P18,85,inwards,NA,
P18,86,outwards,NA,
P18,87,inwards,NA,
P18,88,outwards,NA,
P18,89,inwards,NA,
P18,90,outwards,NA,
P18,91,inwards,NA,
P18,92,outwards,NA,
P18,93,inwards,NA,
P18,94,outwards,NA,
P18,95,inwards,NA,
P18,96,outwards,NA,
P18,97,inwards,NA,
P18,98,outwards,NA,
P18,99,inwards,NA,
P18,100,outwards,NA,
P19,1,inwards,2,
P19,2,outwards,7,
P19,3,inwards,11,
P19,4,outwards,15,
P19,5,inwards,28,
P19,6,outwards,30,
P19,7,inwards,23,
P19,8,outwards,2,
P19,9,inwards,3,
P19,10,outwards,18,
P19,11,inwards,13,
P19,12,outwards,25,
P19,13,inwards,26,
P19,14,outwards,30,
P19,15,inwards,3,
P19,16,outwards,6,
P19,17,inwards,9,
P19,18,outwards,11,
P19,19,inwards,17,
P19,20,outwards,16,
P19,21,inwards,14,
P19,22,outwards,24,
P19,23,inwards,29,
P19,24,outwards,20,
P19,25,inwards,10,
P19,26,outwards,7,
P19,27,inwards,1,
P19,28,outwards,5,
P19,29,inwards,13,
P19,30,outwards,19,
P19,31,inwards,27,
P19,32,outwards,26,
P19,33,inwards,29,
P19,34,outwards,14,
P19,35,inwards,17,
P19,36,outwards,19,
P19,37,inwards,7,
P19,38,outwards,3,
P19,39,inwards,4,
P19,40,outwards,10,
P19,41,inwards,13,
P19,42,outwards,17,
P19,43,inwards,20,
P19,44,outwards,21,
P19,45,inwards,25,
P19,46,outwards,30,
P19,47,inwards,7,
P19,48,outwards,4,
P19,49,inwards,3,
P19,50,outwards,11,
P19,51,inwards,12,
P19,52,outwards,18,
P19,53,inwards,28,
P19,54,outwards,30,
P19,55,inwards,10,
P19,56,outwards,2,
P19,57,inwards,7,
P19,58,outwards,9,
P19,59,inwards,6,
P19,60,outwards,15,
P19,61,inwards,25,
P19,62,outwards,29,
P19,63,inwards,23,
P19,64,outwards,22,
P19,65,inwards,12,
P19,66,outwards,17,
P19,67,inwards,13,
P19,68,outwards,3,
P19,69,inwards,5,
P19,70,outwards,9,
P19,71,inwards,13,
P19,72,outwards,23,
P19,73,inwards,25,
P19,74,outwards,30,
P19,75,inwards,1,
P19,76,outwards,7,
P19,77,inwards,15,
P19,78,outwards,16,
P19,79,inwards,26,
P19,80,outwards,27,Fluent
P19,81,inwards,30,
P19,82,outwards,10,
P19,83,inwards,NA,
P19,84,outwards,NA,
P19,85,inwards,NA,
P19,86,outwards,NA,
P19,87,inwards,NA,
P19,88,outwards,NA,
P19,89,inwards,NA,
P19,90,outwards,NA,
P19,91,inwards,NA,
P19,92,outwards,NA,
P19,93,inwards,NA,
P19,94,outwards,NA,
P19,95,inwards,NA,
P19,96,outwards,NA,
P19,97,inwards,NA,
P19,98,outwards,NA,
P19,99,inwards,NA,
P19,100,outwards,NA,
P20,1,inwards,16,
P20,2,outwards,23,
P20,3,inwards,27,
P20,4,outwards,30,
P20,5,inwards,5,
P20,6,outwards,8,
P20,7,inwards,11,
P20,8,outwards,13,
P20,9,inwards,7,
P20,10,outwards,2,
P20,11,inwards,8,
P20,12,outwards,19,
P20,13,inwards,23,
P20,14,outwards,22,
P20,15,inwards,28,
P20,16,outwards,24,
P20,17,inwards,1,
P20,18,outwards,7,
P20,19,inwards,6,
P20,20,outwards,14,
P20,21,inwards,16,
P20,22,outwards,22,
P20,23,inwards,20,
P20,24,outwards,26,
P20,25,inwards,7,
P20,26,outwards,8,
P20,27,inwards,12,
P20,28,outwards,16,
P20,29,inwards,17,
P20,30,outwards,13,
P20,31,inwards,8,
P20,32,outwards,10,
P20,33,inwards,2,
P20,34,outwards,6,
P20,35,inwards,7,
P20,36,outwards,3,
P20,37,inwards,1,
P20,38,outwards,18,
P20,39,inwards,22,
P20,40,outwards,23,
P20,41,inwards,27,
P20,42,outwards,30,
P20,43,inwards,6,
P20,44,outwards,8,
P20,45,inwards,11,
P20,46,outwards,13,
P20,47,inwards,15,
P20,48,outwards,28,
P20,49,inwards,29,
P20,50,outwards,14,
P20,51,inwards,17,
P20,52,outwards,19,
P20,53,inwards,20,
P20,54,outwards,10,
P20,55,inwards,9,
P20,56,outwards,15,
P20,57,inwards,2,
P20,58,outwards,6,
P20,59,inwards,9,
P20,60,outwards,7,
P20,61,inwards,13,
P20,62,outwards,24,
P20,63,inwards,25,
P20,64,outwards,30,
P20,65,inwards,29,
P20,66,outwards,20,
P20,67,inwards,19,
P20,68,outwards,15,
P20,69,inwards,24,
P20,70,outwards,3,
P20,71,inwards,28,
P20,72,outwards,1,
P20,73,inwards,29,
P20,74,outwards,7,
P20,75,inwards,17,
P20,76,outwards,11,
P20,77,inwards,13,
P20,78,outwards,21,
P20,79,inwards,2,
P20,80,outwards,4,Fluent
P20,81,inwards,7,
P20,82,outwards,21,
P20,83,inwards,NA,
P20,84,outwards,NA,
P20,85,inwards,NA,
P20,86,outwards,NA,
P20,87,inwards,NA,
P20,88,outwards,NA,
P20,89,inwards,NA,
P20,90,outwards,NA,
P20,91,inwards,NA,
P20,92,outwards,NA,
P20,93,inwards,NA,
P20,94,outwards,NA,
P20,95,inwards,NA,
P20,96,outwards,NA,
P20,97,inwards,NA,
P20,98,outwards,NA,
P20,99,inwards,NA,
P20,100,outwards,NA,
P21,1,inwards,2,
P21,2,outwards,6,
P21,3,inwards,8,
P21,4,outwards,24,
P21,5,inwards,21,
P21,6,outwards,14,
P21,7,inwards,27,
P21,8,outwards,30,
P21,9,inwards,1,
P21,10,outwards,4,
P21,11,inwards,9,
P21,12,outwards,12,
P21,13,inwards,13,
P21,14,outwards,20,
P21,15,inwards,24,
P21,16,outwards,26,
P21,17,inwards,28,
P21,18,outwards,12,
P21,19,inwards,4,
P21,20,outwards,9,
P21,21,inwards,7,
P21,22,outwards,2,
P21,23,inwards,1,
P21,24,outwards,30,
P21,25,inwards,29,
P21,26,outwards,16,
P21,27,inwards,18,
P21,28,outwards,23,
P21,29,inwards,25,
P21,30,outwards,4,
P21,31,inwards,8,
P21,32,outwards,10,
P21,33,inwards,12,
P21,34,outwards,21,
P21,35,inwards,20,
P21,36,outwards,3,
P21,37,inwards,1,
P21,38,outwards,28,
P21,39,inwards,11,
P21,40,outwards,12,
P21,41,inwards,9,
P21,42,outwards,4,
P21,43,inwards,5,
P21,44,outwards,8,
P21,45,inwards,21,
P21,46,outwards,30,
P21,47,inwards,27,
P21,48,outwards,16,
P21,49,inwards,12,
P21,50,outwards,10,
P21,51,inwards,8,
P21,52,outwards,7,
P21,53,inwards,1,
P21,54,outwards,30,
P21,55,inwards,21,
P21,56,outwards,27,
P21,57,inwards,17,
P21,58,outwards,16,
P21,59,inwards,20,
P21,60,outwards,14,
P21,61,inwards,15,
P21,62,outwards,17,
P21,63,inwards,24,
P21,64,outwards,14,
P21,65,inwards,27,
P21,66,outwards,30,
P21,67,inwards,19,
P21,68,outwards,20,
P21,69,inwards,23,
P21,70,outwards,22,
P21,71,inwards,7,
P21,72,outwards,4,
P21,73,inwards,2,
P21,74,outwards,9,
P21,75,inwards,21,
P21,76,outwards,23,
P21,77,inwards,30,
P21,78,outwards,28,
P21,79,inwards,19,
P21,80,outwards,13,Fluent
P21,81,inwards,12,
P21,82,outwards,21,
P21,83,inwards,NA,
P21,84,outwards,NA,
P21,85,inwards,NA,
P21,86,outwards,NA,
P21,87,inwards,NA,
P21,88,outwards,NA,
P21,89,inwards,NA,
P21,90,outwards,NA,
P21,91,inwards,NA,
P21,92,outwards,NA,
P21,93,inwards,NA,
P21,94,outwards,NA,
P21,95,inwards,NA,
P21,96,outwards,NA,
P21,97,inwards,NA,
P21,98,outwards,NA,
P21,99,inwards,NA,
P21,100,outwards,NA,
P22,1,inwards,1,
P22,2,outwards,30,
P22,3,inwards,20,
P22,4,outwards,7,
P22,5,inwards,6,
P22,6,outwards,10,
P22,7,inwards,12,
P22,8,outwards,14,
P22,9,inwards,18,
P22,10,outwards,26,
P22,11,inwards,21,
P22,12,outwards,1,
P22,13,inwards,3,
P22,14,outwards,10,
P22,15,inwards,16,
P22,16,outwards,20,
P22,17,inwards,23,
P22,18,outwards,26,
P22,19,inwards,28,
P22,20,outwards,30,
P22,21,inwards,1,
P22,22,outwards,4,
P22,23,inwards,3,
P22,24,outwards,9,
P22,25,inwards,2,
P22,26,outwards,10,
P22,27,inwards,4,
P22,28,outwards,10,
P22,29,inwards,14,
P22,30,outwards,9,
P22,31,inwards,20,
P22,32,outwards,26,
P22,33,inwards,1,
P22,34,outwards,7,
P22,35,inwards,9,
P22,36,outwards,8,
P22,37,inwards,3,
P22,38,outwards,23,
P22,39,inwards,2,
P22,40,outwards,6,
P22,41,inwards,9,
P22,42,outwards,18,
P22,43,inwards,4,
P22,44,outwards,3,
P22,45,inwards,2,
P22,46,outwards,9,
P22,47,inwards,6,
P22,48,outwards,21,
P22,49,inwards,23,
P22,50,outwards,28,
P22,51,inwards,17,
P22,52,outwards,16,
P22,53,inwards,29,
P22,54,outwards,21,
P22,55,inwards,23,
P22,56,outwards,24,
P22,57,inwards,20,
P22,58,outwards,19,
P22,59,inwards,16,
P22,60,outwards,15,
P22,61,inwards,1,
P22,62,outwards,9,
P22,63,inwards,18,
P22,64,outwards,6,
P22,65,inwards,3,
P22,66,outwards,30,
P22,67,inwards,11,
P22,68,outwards,10,
P22,69,inwards,6,
P22,70,outwards,8,
P22,71,inwards,4,
P22,72,outwards,3,
P22,73,inwards,9,
P22,74,outwards,18,
P22,75,inwards,20,
P22,76,outwards,26,
P22,77,inwards,23,
P22,78,outwards,22,
P22,79,inwards,4,
P22,80,outwards,9,Fluent
P22,81,inwards,6,
P22,82,outwards,2,
P22,83,inwards,NA,
P22,84,outwards,NA,
P22,85,inwards,NA,
P22,86,outwards,NA,
P22,87,inwards,NA,
P22,88,outwards,NA,
P22,89,inwards,NA,
P22,90,outwards,NA,
P22,91,inwards,NA,
P22,92,outwards,NA,
P22,93,inwards,NA,
P22,94,outwards,NA,
P22,95,inwards,NA,
P22,96,outwards,NA,
P22,97,inwards,NA,
P22,98,outwards,NA,
P22,99,inwards,NA,
P22,100,outwards,NA,
P23,1,inwards,6,
P23,2,outwards,9,
P23,3,inwards,17,
P23,4,outwards,13,
P23,5,inwards,15,
P23,6,outwards,4,
P23,7,inwards,7,
P23,8,outwards,30,
P23,9,inwards,1,
P23,10,outwards,28,
P23,11,inwards,22,
P23,12,outwards,14,
P23,13,inwards,16,
P23,14,outwards,12,
P23,15,inwards,6,
P23,16,outwards,8,
P23,17,inwards,3,
P23,18,outwards,24,
P23,19,inwards,20,
P23,20,outwards,10,
P23,21,inwards,12,
P23,22,outwards,9,
P23,23,inwards,11,
P23,24,outwards,16,
P23,25,inwards,24,
P23,26,outwards,3,
P23,27,inwards,6,
P23,28,outwards,14,
P23,29,inwards,12,
P23,30,outwards,7,
P23,31,inwards,25,
P23,32,outwards,21,
P23,33,inwards,5,
P23,34,outwards,2,
P23,35,inwards,10,
P23,36,outwards,16,
P23,37,inwards,15,
P23,38,outwards,21,
P23,39,inwards,12,
P23,40,outwards,11,
P23,41,inwards,10,
P23,42,outwards,4,
P23,43,inwards,17,
P23,44,outwards,27,
P23,45,inwards,29,
P23,46,outwards,23,
P23,47,inwards,7,
P23,48,outwards,8,
P23,49,inwards,18,
P23,50,outwards,19,
P23,51,inwards,22,
P23,52,outwards,30,
P23,53,inwards,13,
P23,54,outwards,15,
P23,55,inwards,18,
P23,56,outwards,8,
P23,57,inwards,1,
P23,58,outwards,7,
P23,59,inwards,14,
P23,60,outwards,18,
P23,61,inwards,13,
P23,62,outwards,17,
P23,63,inwards,5,
P23,64,outwards,8,
P23,65,inwards,23,
P23,66,outwards,25,
P23,67,inwards,24,
P23,68,outwards,7,
P23,69,inwards,4,
P23,70,outwards,2,
P23,71,inwards,22,
P23,72,outwards,18,
P23,73,inwards,19,
P23,74,outwards,11,
P23,75,inwards,29,
P23,76,outwards,13,
P23,77,inwards,14,
P23,78,outwards,17,
P23,79,inwards,28,
P23,80,outwards,21,Fluent
P23,81,inwards,24,
P23,82,outwards,30,
P23,83,inwards,NA,
P23,84,outwards,NA,
P23,85,inwards,NA,
P23,86,outwards,NA,
P23,87,inwards,NA,
P23,88,outwards,NA,
P23,89,inwards,NA,
P23,90,outwards,NA,
P23,91,inwards,NA,
P23,92,outwards,NA,
P23,93,inwards,NA,
P23,94,outwards,NA,
P23,95,inwards,NA,
P23,96,outwards,NA,
P23,97,inwards,NA,
P23,98,outwards,NA,
P23,99,inwards,NA,
P23,100,outwards,NA,
P24,1,inwards,4,
P24,2,outwards,16,
P24,3,inwards,18,
P24,4,outwards,22,
P24,5,inwards,3,
P24,6,outwards,7,
P24,7,inwards,29,
P24,8,outwards,4,
P24,9,inwards,3,
P24,10,outwards,17,
P24,11,inwards,21,
P24,12,outwards,20,
P24,13,inwards,23,
P24,14,outwards,7,
P24,15,inwards,9,
P24,16,outwards,11,
P24,17,inwards,4,
P24,18,outwards,18,
P24,19,inwards,22,
P24,20,outwards,23,
P24,21,inwards,21,
P24,22,outwards,7,
P24,23,inwards,15,
P24,24,outwards,18,
P24,25,inwards,3,
P24,26,outwards,15,
P24,27,inwards,17,
P24,28,outwards,21,
P24,29,inwards,1,
P24,30,outwards,4,
P24,31,inwards,10,
P24,32,outwards,13,
P24,33,inwards,4,
P24,34,outwards,22,
P24,35,inwards,1,
P24,36,outwards,13,
P24,37,inwards,7,
P24,38,outwards,24,
P24,39,inwards,NA,
P24,40,outwards,5,
P24,41,inwards,13,
P24,42,outwards,18,
P24,43,inwards,11,
P24,44,outwards,3,
P24,45,inwards,30,
P24,46,outwards,4,
P24,47,inwards,17,
P24,48,outwards,28,
P24,49,inwards,8,
P24,50,outwards,NA,
P24,51,inwards,NA,
P24,52,outwards,15,
P24,53,inwards,12,
P24,54,outwards,20,
P24,55,inwards,27,
P24,56,outwards,4,
P24,57,inwards,16,
P24,58,outwards,29,
P24,59,inwards,1,
P24,60,outwards,5,
P24,61,inwards,7,
P24,62,outwards,15,
P24,63,inwards,22,
P24,64,outwards,30,
P24,65,inwards,28,
P24,66,outwards,17,
P24,67,inwards,3,
P24,68,outwards,15,
P24,69,inwards,4,
P24,70,outwards,8,
P24,71,inwards,29,
P24,72,outwards,13,
P24,73,inwards,22,
P24,74,outwards,7,
P24,75,inwards,17,
P24,76,outwards,21,
P24,77,inwards,27,
P24,78,outwards,11,
P24,79,inwards,14,
P24,80,outwards,12,"Participant did relatively well, although she skipped many beats, She used two beats to do the movement and say the number"
P24,81,inwards,25,
P24,82,outwards,30,
P24,83,inwards,4,
P24,84,outwards,NA,
P24,85,inwards,6,
P24,86,outwards,11,
P24,87,inwards,14,
P24,88,outwards,17,
P24,89,inwards,22,
P24,90,outwards,30,
P24,91,inwards,NA,
P24,92,outwards,NA,
P24,93,inwards,NA,
P24,94,outwards,NA,
P24,95,inwards,NA,
P24,96,outwards,NA,
P24,97,inwards,NA,
P24,98,outwards,NA,
P24,99,inwards,NA,
P24,100,outwards,NA,
P25,1,inwards,1,
P25,2,outwards,30,
P25,3,inwards,5,
P25,4,outwards,15,
P25,5,inwards,24,
P25,6,outwards,27,
P25,7,inwards,3,
P25,8,outwards,4,
P25,9,inwards,7,
P25,10,outwards,10,
P25,11,inwards,29,
P25,12,outwards,21,
P25,13,inwards,20,
P25,14,outwards,17,
P25,15,inwards,15,
P25,16,outwards,12,
P25,17,inwards,21,
P25,18,outwards,25,
P25,19,inwards,3,
P25,20,outwards,10,
P25,21,inwards,11,
P25,22,outwards,21,
P25,23,inwards,17,
P25,24,outwards,27,
P25,25,inwards,29,
P25,26,outwards,9,
P25,27,inwards,4,
P25,28,outwards,21,
P25,29,inwards,24,
P25,30,outwards,28,
P25,31,inwards,30,
P25,32,outwards,2,
P25,33,inwards,9,
P25,34,outwards,7,
P25,35,inwards,15,
P25,36,outwards,14,
P25,37,inwards,13,
P25,38,outwards,19,
P25,39,inwards,28,
P25,40,outwards,7,
P25,41,inwards,27,
P25,42,outwards,30,
P25,43,inwards,1,
P25,44,outwards,12,
P25,45,inwards,13,
P25,46,outwards,24,
P25,47,inwards,25,
P25,48,outwards,26,
P25,49,inwards,30,
P25,50,outwards,21,
P25,51,inwards,7,
P25,52,outwards,9,
P25,53,inwards,3,
P25,54,outwards,8,
P25,55,inwards,18,
P25,56,outwards,24,
P25,57,inwards,21,
P25,58,outwards,13,
P25,59,inwards,7,
P25,60,outwards,1,
P25,61,inwards,3,
P25,62,outwards,30,
P25,63,inwards,29,
P25,64,outwards,3,
P25,65,inwards,17,
P25,66,outwards,NA,
P25,67,inwards,NA,
P25,68,outwards,NA,
P25,69,inwards,17,
P25,70,outwards,7,
P25,71,inwards,29,
P25,72,outwards,24,
P25,73,inwards,NA,
P25,74,outwards,NA,
P25,75,inwards,NA,
P25,76,outwards,24,
P25,77,inwards,8,
P25,78,outwards,7,
P25,79,inwards,1,
P25,80,outwards,30,"Participant did relatively well, but near the end he lost his rhythm"
P25,81,inwards,23,
P25,82,outwards,20,
P25,83,inwards,10,
P25,84,outwards,3,
P25,85,inwards,9,
P25,86,outwards,21,
P25,87,inwards,20,
P25,88,outwards,NA,
P25,89,inwards,NA,
P25,90,outwards,NA,
P25,91,inwards,NA,
P25,92,outwards,NA,
P25,93,inwards,NA,
P25,94,outwards,NA,
P25,95,inwards,NA,
P25,96,outwards,NA,
P25,97,inwards,NA,
P25,98,outwards,NA,
P25,99,inwards,NA,
P25,100,outwards,NA,
P26,1,inwards,5,
P26,2,outwards,11,
P26,3,inwards,21,
P26,4,outwards,30,
P26,5,inwards,17,
P26,6,outwards,3,
P26,7,inwards,9,
P26,8,outwards,22,
P26,9,inwards,12,
P26,10,outwards,28,
P26,11,inwards,26,
P26,12,outwards,17,
P26,13,inwards,2,
P26,14,outwards,3,
P26,15,inwards,12,
P26,16,outwards,13,
P26,17,inwards,22,
P26,18,outwards,25,
P26,19,inwards,23,
P26,20,outwards,10,
P26,21,inwards,4,
P26,22,outwards,7,
P26,23,inwards,28,
P26,24,outwards,17,
P26,25,inwards,9,
P26,26,outwards,10,
P26,27,inwards,14,
P26,28,outwards,22,
P26,29,inwards,16,
P26,30,outwards,18,
P26,31,inwards,7,
P26,32,outwards,11,
P26,33,inwards,29,
P26,34,outwards,1,
P26,35,inwards,20,
P26,36,outwards,11,
P26,37,inwards,23,
P26,38,outwards,26,
P26,39,inwards,30,
P26,40,outwards,7,
P26,41,inwards,18,
P26,42,outwards,20,
P26,43,inwards,7,
P26,44,outwards,12,
P26,45,inwards,24,
P26,46,outwards,17,
P26,47,inwards,8,
P26,48,outwards,28,
P26,49,inwards,9,
P26,50,outwards,12,
P26,51,inwards,17,
P26,52,outwards,25,
P26,53,inwards,4,
P26,54,outwards,16,
P26,55,inwards,28,
P26,56,outwards,17,
P26,57,inwards,16,
P26,58,outwards,3,
P26,59,inwards,8,
P26,60,outwards,26,
P26,61,inwards,12,
P26,62,outwards,10,
P26,63,inwards,12,
P26,64,outwards,20,
P26,65,inwards,26,
P26,66,outwards,5,
P26,67,inwards,20,
P26,68,outwards,17,
P26,69,inwards,8,
P26,70,outwards,16,
P26,71,inwards,14,
P26,72,outwards,27,
P26,73,inwards,28,
P26,74,outwards,13,
P26,75,inwards,9,
P26,76,outwards,17,
P26,77,inwards,21,
P26,78,outwards,11,
P26,79,inwards,3,
P26,80,outwards,9,Participant did well
P26,81,inwards,17,
P26,82,outwards,27,
P26,83,inwards,NA,
P26,84,outwards,NA,
P26,85,inwards,NA,
P26,86,outwards,NA,
P26,87,inwards,NA,
P26,88,outwards,NA,
P26,89,inwards,NA,
P26,90,outwards,NA,
P26,91,inwards,NA,
P26,92,outwards,NA,
P26,93,inwards,NA,
P26,94,outwards,NA,
P26,95,inwards,NA,
P26,96,outwards,NA,
P26,97,inwards,NA,
P26,98,outwards,NA,
P26,99,inwards,NA,
P26,100,outwards,NA,
P28,1,inwards,28,
P28,2,outwards,5,
P28,3,inwards,4,
P28,4,outwards,12,
P28,5,inwards,16,
P28,6,outwards,1,
P28,7,inwards,8,
P28,8,outwards,9,
P28,9,inwards,19,
P28,10,outwards,17,
P28,11,inwards,25,
P28,12,outwards,28,
P28,13,inwards,22,
P28,14,outwards,30,
P28,15,inwards,1,
P28,16,outwards,7,
P28,17,inwards,10,
P28,18,outwards,13,
P28,19,inwards,14,
P28,20,outwards,27,
P28,21,inwards,21,
P28,22,outwards,24,
P28,23,inwards,28,
P28,24,outwards,2,
P28,25,inwards,4,
P28,26,outwards,13,
P28,27,inwards,7,
P28,28,outwards,12,
P28,29,inwards,15,
P28,30,outwards,17,
P28,31,inwards,11,
P28,32,outwards,10,
P28,33,inwards,6,
P28,34,outwards,5,
P28,35,inwards,26,
P28,36,outwards,23,
P28,37,inwards,20,
P28,38,outwards,1,
P28,39,inwards,8,
P28,40,outwards,5,
P28,41,inwards,12,
P28,42,outwards,18,
P28,43,inwards,24,
P28,44,outwards,23,
P28,45,inwards,20,
P28,46,outwards,16,
P28,47,inwards,18,
P28,48,outwards,21,
P28,49,inwards,30,
P28,50,outwards,1,
P28,51,inwards,5,
P28,52,outwards,7,
P28,53,inwards,10,
P28,54,outwards,11,
P28,55,inwards,17,
P28,56,outwards,15,
P28,57,inwards,18,
P28,58,outwards,20,
P28,59,inwards,25,
P28,60,outwards,24,
P28,61,inwards,22,
P28,62,outwards,12,
P28,63,inwards,1,
P28,64,outwards,3,
P28,65,inwards,7,
P28,66,outwards,24,
P28,67,inwards,22,
P28,68,outwards,20,
P28,69,inwards,12,
P28,70,outwards,14,
P28,71,inwards,15,
P28,72,outwards,1,
P28,73,inwards,7,
P28,74,outwards,20,
P28,75,inwards,14,
P28,76,outwards,11,
P28,77,inwards,12,
P28,78,outwards,3,
P28,79,inwards,7,
P28,80,outwards,8,Fluent
P28,81,inwards,10,
P28,82,outwards,24,
P28,83,inwards,NA,
P28,84,outwards,NA,
P28,85,inwards,NA,
P28,86,outwards,NA,
P28,87,inwards,NA,
P28,88,outwards,NA,
P28,89,inwards,NA,
P28,90,outwards,NA,
P28,91,inwards,NA,
P28,92,outwards,NA,
P28,93,inwards,NA,
P28,94,outwards,NA,
P28,95,inwards,NA,
P28,96,outwards,NA,
P28,97,inwards,NA,
P28,98,outwards,NA,
P28,99,inwards,NA,
P28,100,outwards,NA,
P29,1,inwards,1,
P29,2,outwards,12,
P29,3,inwards,18,
P29,4,outwards,24,
P29,5,inwards,30,
P29,6,outwards,29,
P29,7,inwards,17,
P29,8,outwards,15,
P29,9,inwards,13,
P29,10,outwards,5,
P29,11,inwards,3,
P29,12,outwards,11,
P29,13,inwards,12,
P29,14,outwards,20,
P29,15,inwards,26,
P29,16,outwards,30,
P29,17,inwards,28,
P29,18,outwards,22,
P29,19,inwards,18,
P29,20,outwards,24,
P29,21,inwards,26,
P29,22,outwards,20,
P29,23,inwards,11,
P29,24,outwards,19,
P29,25,inwards,13,
P29,26,outwards,7,
P29,27,inwards,2,
P29,28,outwards,8,
P29,29,inwards,19,
P29,30,outwards,11,
P29,31,inwards,21,
P29,32,outwards,29,
P29,33,inwards,23,
P29,34,outwards,27,
P29,35,inwards,17,
P29,36,outwards,13,
P29,37,inwards,1,
P29,38,outwards,8,
P29,39,inwards,16,
P29,40,outwards,12,
P29,41,inwards,21,
P29,42,outwards,15,
P29,43,inwards,19,
P29,44,outwards,25,
P29,45,inwards,23,
P29,46,outwards,29,
P29,47,inwards,2,
P29,48,outwards,18,
P29,49,inwards,9,
P29,50,outwards,15,
P29,51,inwards,11,
P29,52,outwards,8,
P29,53,inwards,1,
P29,54,outwards,2,
P29,55,inwards,4,
P29,56,outwards,8,
P29,57,inwards,13,
P29,58,outwards,7,
P29,59,inwards,6,
P29,60,outwards,14,
P29,61,inwards,22,
P29,62,outwards,11,
P29,63,inwards,12,
P29,64,outwards,9,
P29,65,inwards,4,
P29,66,outwards,8,
P29,67,inwards,5,
P29,68,outwards,11,
P29,69,inwards,29,
P29,70,outwards,28,
P29,71,inwards,21,
P29,72,outwards,25,
P29,73,inwards,19,
P29,74,outwards,12,
P29,75,inwards,16,
P29,76,outwards,10,
P29,77,inwards,2,
P29,78,outwards,8,
P29,79,inwards,1,
P29,80,outwards,4,Fluent
P29,81,inwards,3,
P29,82,outwards,21,
P29,83,inwards,NA,
P29,84,outwards,NA,
P29,85,inwards,NA,
P29,86,outwards,NA,
P29,87,inwards,NA,
P29,88,outwards,NA,
P29,89,inwards,NA,
P29,90,outwards,NA,
P29,91,inwards,NA,
P29,92,outwards,NA,
P29,93,inwards,NA,
P29,94,outwards,NA,
P29,95,inwards,NA,
P29,96,outwards,NA,
P29,97,inwards,NA,
P29,98,outwards,NA,
P29,99,inwards,NA,
P29,100,outwards,NA,
P30,1,inwards,4,
P30,2,outwards,8,
P30,3,inwards,9,
P30,4,outwards,12,
P30,5,inwards,18,
P30,6,outwards,21,
P30,7,inwards,5,
P30,8,outwards,7,
P30,9,inwards,1,
P30,10,outwards,9,
P30,11,inwards,11,
P30,12,outwards,19,
P30,13,inwards,26,
P30,14,outwards,27,
P30,15,inwards,28,
P30,16,outwards,21,
P30,17,inwards,15,
P30,18,outwards,18,
P30,19,inwards,9,
P30,20,outwards,3,
P30,21,inwards,4,
P30,22,outwards,7,
P30,23,inwards,21,
P30,24,outwards,25,
P30,25,inwards,28,
P30,26,outwards,30,
P30,27,inwards,2,
P30,28,outwards,7,
P30,29,inwards,8,
P30,30,outwards,13,
P30,31,inwards,16,
P30,32,outwards,19,
P30,33,inwards,23,
P30,34,outwards,28,
P30,35,inwards,27,
P30,36,outwards,21,
P30,37,inwards,22,
P30,38,outwards,12,
P30,39,inwards,9,
P30,40,outwards,7,
P30,41,inwards,5,
P30,42,outwards,11,
P30,43,inwards,18,
P30,44,outwards,22,
P30,45,inwards,24,
P30,46,outwards,29,
P30,47,inwards,4,
P30,48,outwards,6,
P30,49,inwards,9,
P30,50,outwards,12,
P30,51,inwards,18,
P30,52,outwards,17,
P30,53,inwards,12,
P30,54,outwards,15,
P30,55,inwards,2,
P30,56,outwards,1,
P30,57,inwards,6,
P30,58,outwards,8,
P30,59,inwards,5,
P30,60,outwards,15,
P30,61,inwards,13,
P30,62,outwards,18,
P30,63,inwards,23,
P30,64,outwards,26,
P30,65,inwards,29,
P30,66,outwards,7,
P30,67,inwards,12,
P30,68,outwards,14,
P30,69,inwards,11,
P30,70,outwards,22,
P30,71,inwards,25,
P30,72,outwards,4,
P30,73,inwards,7,
P30,74,outwards,27,
P30,75,inwards,15,
P30,76,outwards,16,
P30,77,inwards,24,
P30,78,outwards,4,
P30,79,inwards,8,
P30,80,outwards,9,Fluent
P30,81,inwards,12,
P30,82,outwards,11,
P30,83,inwards,NA,
P30,84,outwards,NA,
P30,85,inwards,NA,
P30,86,outwards,NA,
P30,87,inwards,NA,
P30,88,outwards,NA,
P30,89,inwards,NA,
P30,90,outwards,NA,
P30,91,inwards,NA,
P30,92,outwards,NA,
P30,93,inwards,NA,
P30,94,outwards,NA,
P30,95,inwards,NA,
P30,96,outwards,NA,
P30,97,inwards,NA,
P30,98,outwards,NA,
P30,99,inwards,NA,
P30,100,outwards,NA,
P31,1,inwards,3,
P31,2,outwards,5,
P31,3,inwards,29,
P31,4,outwards,21,
P31,5,inwards,11,
P31,6,outwards,15,
P31,7,inwards,18,
P31,8,outwards,10,
P31,9,inwards,2,
P31,10,outwards,30,
P31,11,inwards,20,
P31,12,outwards,1,
P31,13,inwards,13,
P31,14,outwards,18,
P31,15,inwards,15,
P31,16,outwards,23,
P31,17,inwards,24,
P31,18,outwards,29,
P31,19,inwards,14,
P31,20,outwards,16,
P31,21,inwards,8,
P31,22,outwards,4,
P31,23,inwards,15,
P31,24,outwards,23,
P31,25,inwards,27,
P31,26,outwards,12,
P31,27,inwards,10,
P31,28,outwards,9,
P31,29,inwards,30,
P31,30,outwards,1,
P31,31,inwards,4,
P31,32,outwards,9,
P31,33,inwards,7,
P31,34,outwards,13,
P31,35,inwards,15,
P31,36,outwards,19,
P31,37,inwards,17,
P31,38,outwards,10,
P31,39,inwards,2,
P31,40,outwards,13,
P31,41,inwards,9,
P31,42,outwards,7,
P31,43,inwards,18,
P31,44,outwards,29,
P31,45,inwards,17,
P31,46,outwards,NA,
P31,47,inwards,18,
P31,48,outwards,20,
P31,49,inwards,24,
P31,50,outwards,28,
P31,51,inwards,29,
P31,52,outwards,19,
P31,53,inwards,NA,
P31,54,outwards,10,
P31,55,inwards,8,
P31,56,outwards,9,
P31,57,inwards,6,
P31,58,outwards,1,
P31,59,inwards,30,
P31,60,outwards,21,
P31,61,inwards,24,
P31,62,outwards,13,
P31,63,inwards,15,
P31,64,outwards,17,
P31,65,inwards,11,
P31,66,outwards,13,
P31,67,inwards,29,
P31,68,outwards,27,
P31,69,inwards,23,
P31,70,outwards,19,
P31,71,inwards,17,
P31,72,outwards,8,
P31,73,inwards,10,
P31,74,outwards,NA,
P31,75,inwards,13,
P31,76,outwards,14,
P31,77,inwards,18,
P31,78,outwards,NA,
P31,79,inwards,30,
P31,80,outwards,1,Fluent with some minor disfluencies
P31,81,inwards,4,
P31,82,outwards,6,
P31,83,inwards,12,
P31,84,outwards,16,
P31,85,inwards,20,
P31,86,outwards,1,
P31,87,inwards,NA,
P31,88,outwards,NA,
P31,89,inwards,NA,
P31,90,outwards,NA,
P31,91,inwards,NA,
P31,92,outwards,NA,
P31,93,inwards,NA,
P31,94,outwards,NA,
P31,95,inwards,NA,
P31,96,outwards,NA,
P31,97,inwards,NA,
P31,98,outwards,NA,
P31,99,inwards,NA,
P31,100,outwards,NA,
,,,,
,,,,
,,,,
,,,,
,,,,
,,,,
,,,,
,,,,
,,,,
,,,,
,,,,
,,,,
,,,,
,,,,
,,,,
,,,,
,,,,
,,,,
,,,,
,,,,
,,,,
,,,,
,,,,
,,,,
,,,,
,,,,
,,,,
,,,,
,,,,
,,,,
,,,,
,,,,
,,,,
,,,,
,,,,
,,,,
,,,,
,,,,
,,,,
,,,,
,,,,
,,,,
,,,,
,,,,
,,,,
,,,,
,,,,
,,,,
,,,,
,,,,
,,,,
,,,,
,,,,
,,,,
,,,,
,,,,
,,,,
,,,,
,,,,
,,,,
,,,,
,,,,
,,,,
,,,,
,,,,
,,,,
,,,,
,,,,
,,,,
,,,,
,,,,
,,,,
,,,,
,,,,
,,,,
,,,,
,,,,
,,,,
,,,,
,,,,