data_entry,id,trial,movement,number,comment
yuhan,P01,1,outwards,3,
yuhan,P01,2,inwards,10,
yuhan,P01,3,outwards,29,
yuhan,P01,4,inwards,5,
yuhan,P01,5,outwards,6,
yuhan,P01,6,inwards,18,
yuhan,P01,7,outwards,13,
yuhan,P01,8,inwards,14,
yuhan,P01,9,outwards,11,
yuhan,P01,10,inwards,6,
yuhan,P01,11,outwards,10,
yuhan,P01,12,inwards,3,
yuhan,P01,13,outwards,15,
yuhan,P01,14,inwards,16,
yuhan,P01,15,outwards,NA,
yuhan,P01,16,inwards,5,
yuhan,P01,17,outwards,3,
yuhan,P01,18,inwards,4,
yuhan,P01,19,outwards,1,
yuhan,P01,20,inwards,29,
yuhan,P01,21,outwards,25,
yuhan,P01,22,inwards,24,
yuhan,P01,23,outwards,28,
yuhan,P01,24,inwards,13,
yuhan,P01,25,outwards,14,
yuhan,P01,26,inwards,16,
yuhan,P01,27,outwards,NA,
yuhan,P01,28,inwards,11,
yuhan,P01,29,outwards,8,
yuhan,P01,30,inwards,6,
yuhan,P01,31,outwards,1,
yuhan,P01,32,inwards,5,
yuhan,P01,33,outwards,18,
yuhan,P01,34,inwards,17,
yuhan,P01,35,outwards,12,
yuhan,P01,36,inwards,1,
yuhan,P01,37,outwards,3,
yuhan,P01,38,inwards,5,
yuhan,P01,39,outwards,NA,
yuhan,P01,40,inwards,6,
yuhan,P01,41,outwards,8,
yuhan,P01,42,inwards,23,
yuhan,P01,43,outwards,21,
yuhan,P01,44,inwards,14,
yuhan,P01,45,outwards,5,
yuhan,P01,46,inwards,13,
yuhan,P01,47,outwards,11,
yuhan,P01,48,inwards,10,
yuhan,P01,49,outwards,5,
yuhan,P01,50,inwards,NA,
yuhan,P01,51,outwards,NA,
yuhan,P01,52,inwards,3,
yuhan,P01,53,outwards,12,
yuhan,P01,54,inwards,7,
yuhan,P01,55,outwards,24,
yuhan,P01,56,inwards,26,
yuhan,P01,57,outwards,27,
yuhan,P01,58,inwards,8,
yuhan,P01,59,outwards,1,
yuhan,P01,60,inwards,21,
yuhan,P01,61,outwards,2,
yuhan,P01,62,inwards,16,
yuhan,P01,63,outwards,17,
yuhan,P01,64,inwards,3,
yuhan,P01,65,outwards,5,
yuhan,P01,66,inwards,29,
yuhan,P01,67,outwards,26,
yuhan,P01,68,inwards,21,
yuhan,P01,69,outwards,8,
yuhan,P01,70,inwards,7,
yuhan,P01,71,outwards,6,
yuhan,P01,72,inwards,12,
yuhan,P01,73,outwards,8,
yuhan,P01,74,inwards,5,
yuhan,P01,75,outwards,3,
yuhan,P01,76,inwards,2,
yuhan,P01,77,outwards,9,
yuhan,P01,78,inwards,8,
yuhan,P01,79,outwards,5,
yuhan,P01,80,inwards,3,
yuhan,P01,81,outwards,NA,
yuhan,P01,82,inwards,NA,
yuhan,P01,83,outwards,7,
yuhan,P01,84,inwards,12,
yuhan,P01,85,outwards,NA,
yuhan,P01,86,inwards,23,
yuhan,P01,87,outwards,25,
yuhan,P01,88,inwards,18,
yuhan,P01,89,outwards,14,
yuhan,P01,90,inwards,16,
yuhan,P01,91,outwards,8,
yuhan,P01,92,inwards,10,
yuhan,P01,93,outwards,26,
yuhan,P01,94,inwards,NA,
yuhan,P01,95,outwards,NA,
yuhan,P01,96,inwards,NA,
yuhan,P01,97,outwards,NA,
yuhan,P01,98,inwards,NA,
yuhan,P01,99,outwards,NA,
yuhan,P01,100,inwards,NA,"Note: for P01, often got stuck in the middle so more number has been recorded"
yuhan,P02,1,outwards,6,
yuhan,P02,2,inwards,15,
yuhan,P02,3,outwards,22,
yuhan,P02,4,inwards,14,
yuhan,P02,5,outwards,12,
yuhan,P02,6,inwards,27,
yuhan,P02,7,outwards,5,
yuhan,P02,8,inwards,6,
yuhan,P02,9,outwards,21,
yuhan,P02,10,inwards,4,
yuhan,P02,11,outwards,3,
yuhan,P02,12,inwards,29,
yuhan,P02,13,outwards,18,
yuhan,P02,14,inwards,12,
yuhan,P02,15,outwards,4,
yuhan,P02,16,inwards,26,
yuhan,P02,17,outwards,5,
yuhan,P02,18,inwards,29,
yuhan,P02,19,outwards,17,
yuhan,P02,20,inwards,12,
yuhan,P02,21,outwards,8,
yuhan,P02,22,inwards,4,
yuhan,P02,23,outwards,24,
yuhan,P02,24,inwards,13,
yuhan,P02,25,outwards,11,
yuhan,P02,26,inwards,28,
yuhan,P02,27,outwards,12,
yuhan,P02,28,inwards,4,
yuhan,P02,29,outwards,7,
yuhan,P02,30,inwards,16,
yuhan,P02,31,outwards,10,
yuhan,P02,32,inwards,20,
yuhan,P02,33,outwards,22,
yuhan,P02,34,inwards,13,
yuhan,P02,35,outwards,5,
yuhan,P02,36,inwards,1,
yuhan,P02,37,outwards,29,
yuhan,P02,38,inwards,28,
yuhan,P02,39,outwards,17,
yuhan,P02,40,inwards,6,
yuhan,P02,41,outwards,21,
yuhan,P02,42,inwards,18,
yuhan,P02,43,outwards,19,
yuhan,P02,44,inwards,7,
yuhan,P02,45,outwards,29,
yuhan,P02,46,inwards,30,
yuhan,P02,47,outwards,5,
yuhan,P02,48,inwards,4,
yuhan,P02,49,outwards,1,
yuhan,P02,50,inwards,2,
yuhan,P02,51,outwards,24,
yuhan,P02,52,inwards,13,
yuhan,P02,53,outwards,17,
yuhan,P02,54,inwards,12,
yuhan,P02,55,outwards,1,
yuhan,P02,56,inwards,30,
yuhan,P02,57,outwards,27,
yuhan,P02,58,inwards,25,
yuhan,P02,59,outwards,12,
yuhan,P02,60,inwards,10,
yuhan,P02,61,outwards,9,
yuhan,P02,62,inwards,7,
yuhan,P02,63,outwards,18,
yuhan,P02,64,inwards,15,
yuhan,P02,65,outwards,26,
yuhan,P02,66,inwards,4,
yuhan,P02,67,outwards,3,
yuhan,P02,68,inwards,2,
yuhan,P02,69,outwards,21,
yuhan,P02,70,inwards,30,
yuhan,P02,71,outwards,27,
yuhan,P02,72,inwards,17,
yuhan,P02,73,outwards,6,
yuhan,P02,74,inwards,3,
yuhan,P02,75,outwards,29,
yuhan,P02,76,inwards,30,
yuhan,P02,77,outwards,21,
yuhan,P02,78,inwards,12,
yuhan,P02,79,outwards,19,
yuhan,P02,80,inwards,NA,yuhan: what happened here? this is 80?
yuhan,P02,81,outwards,NA,
yuhan,P02,82,inwards,NA,
yuhan,P02,83,outwards,NA,
yuhan,P02,84,inwards,NA,
yuhan,P02,85,outwards,NA,
yuhan,P02,86,inwards,NA,
yuhan,P02,87,outwards,NA,
yuhan,P02,88,inwards,NA,
yuhan,P02,89,outwards,NA,
yuhan,P02,90,inwards,NA,
yuhan,P02,91,outwards,NA,
yuhan,P02,92,inwards,NA,
yuhan,P02,93,outwards,NA,
yuhan,P02,94,inwards,NA,
yuhan,P02,95,outwards,NA,
yuhan,P02,96,inwards,NA,
yuhan,P02,97,outwards,NA,
yuhan,P02,98,inwards,NA,
yuhan,P02,99,outwards,NA,
yuhan,P02,100,inwards,NA,
yuhan,P03,1,outwards,5,
yuhan,P03,2,inwards,3,
yuhan,P03,3,outwards,7,
yuhan,P03,4,inwards,30,
yuhan,P03,5,outwards,24,
yuhan,P03,6,inwards,21,
yuhan,P03,7,outwards,18,
yuhan,P03,8,inwards,13,
yuhan,P03,9,outwards,15,
yuhan,P03,10,inwards,27,
yuhan,P03,11,outwards,23,
yuhan,P03,12,inwards,9,
yuhan,P03,13,outwards,10,
yuhan,P03,14,inwards,11,
yuhan,P03,15,outwards,18,
yuhan,P03,16,inwards,7,
yuhan,P03,17,outwards,1,
yuhan,P03,18,inwards,9,
yuhan,P03,19,outwards,8,
yuhan,P03,20,inwards,11,
yuhan,P03,21,outwards,30,
yuhan,P03,22,inwards,17,
yuhan,P03,23,outwards,18,
yuhan,P03,24,inwards,22,
yuhan,P03,25,outwards,28,
yuhan,P03,26,inwards,20,
yuhan,P03,27,outwards,9,
yuhan,P03,28,inwards,15,
yuhan,P03,29,outwards,10,
yuhan,P03,30,inwards,2,
yuhan,P03,31,outwards,5,
yuhan,P03,32,inwards,23,
yuhan,P03,33,outwards,22,
yuhan,P03,34,inwards,6,
yuhan,P03,35,outwards,17,
yuhan,P03,36,inwards,15,
yuhan,P03,37,outwards,5,
yuhan,P03,38,inwards,2,
yuhan,P03,39,outwards,1,
yuhan,P03,40,inwards,5,
yuhan,P03,41,outwards,10,
yuhan,P03,42,inwards,8,
yuhan,P03,43,outwards,6,
yuhan,P03,44,inwards,20,
yuhan,P03,45,outwards,14,
yuhan,P03,46,inwards,5,
yuhan,P03,47,outwards,30,
yuhan,P03,48,inwards,27,NOTE: ALMOST MISS ONE IN 48
yuhan,P03,49,outwards,22,
yuhan,P03,50,inwards,25,
yuhan,P03,51,outwards,18,
yuhan,P03,52,inwards,17,
yuhan,P03,53,outwards,30,
yuhan,P03,54,inwards,NA,
yuhan,P03,55,outwards,2,
yuhan,P03,56,inwards,6,
yuhan,P03,57,outwards,17,
yuhan,P03,58,inwards,14,
yuhan,P03,59,outwards,28,
yuhan,P03,60,inwards,2,
yuhan,P03,61,outwards,6,
yuhan,P03,62,inwards,5,
yuhan,P03,63,outwards,30,
yuhan,P03,64,inwards,21,
yuhan,P03,65,outwards,16,
yuhan,P03,66,inwards,17,
yuhan,P03,67,outwards,29,
yuhan,P03,68,inwards,1,
yuhan,P03,69,outwards,17,
yuhan,P03,70,inwards,3,
yuhan,P03,71,outwards,23,
yuhan,P03,72,inwards,9,
yuhan,P03,73,outwards,22,
yuhan,P03,74,inwards,16,
yuhan,P03,75,outwards,30,
yuhan,P03,76,inwards,10,
yuhan,P03,77,outwards,15,
yuhan,P03,78,inwards,16,
yuhan,P03,79,outwards,23,
yuhan,P03,80,inwards,6,
yuhan,P03,81,outwards,22,
yuhan,P03,82,inwards,NA,
yuhan,P03,83,outwards,NA,
yuhan,P03,84,inwards,NA,
yuhan,P03,85,outwards,NA,
yuhan,P03,86,inwards,NA,
yuhan,P03,87,outwards,NA,
yuhan,P03,88,inwards,NA,
yuhan,P03,89,outwards,NA,
yuhan,P03,90,inwards,NA,
yuhan,P03,91,outwards,NA,
yuhan,P03,92,inwards,NA,
yuhan,P03,93,outwards,NA,
yuhan,P03,94,inwards,NA,
yuhan,P03,95,outwards,NA,
yuhan,P03,96,inwards,NA,
yuhan,P03,97,outwards,NA,
yuhan,P03,98,inwards,NA,
yuhan,P03,99,outwards,NA,
yuhan,P03,100,inwards,NA,
yuhan,P04,1,outwards,19,
yuhan,P04,2,inwards,11,
yuhan,P04,3,outwards,17,
yuhan,P04,4,inwards,12,
yuhan,P04,5,outwards,10,
yuhan,P04,6,inwards,2,
yuhan,P04,7,outwards,6,
yuhan,P04,8,inwards,9,
yuhan,P04,9,outwards,15,
yuhan,P04,10,inwards,17,
yuhan,P04,11,outwards,20,
yuhan,P04,12,inwards,29,
yuhan,P04,13,outwards,30,
yuhan,P04,14,inwards,12,
yuhan,P04,15,outwards,NA,
yuhan,P04,16,inwards,NA,
yuhan,P04,17,outwards,NA,
yuhan,P04,18,inwards,NA,
yuhan,P04,19,outwards,NA,
yuhan,P04,20,inwards,NA,
yuhan,P04,21,outwards,NA,
yuhan,P04,22,inwards,NA,
yuhan,P04,23,outwards,NA,
yuhan,P04,24,inwards,6,
yuhan,P04,25,outwards,9,
yuhan,P04,26,inwards,2,
yuhan,P04,27,outwards,14,
yuhan,P04,28,inwards,17,
yuhan,P04,29,outwards,15,
yuhan,P04,30,inwards,20,
yuhan,P04,31,outwards,24,
yuhan,P04,32,inwards,26,
yuhan,P04,33,outwards,25,
yuhan,P04,34,inwards,5,
yuhan,P04,35,outwards,6,
yuhan,P04,36,inwards,2,
yuhan,P04,37,outwards,3,
yuhan,P04,38,inwards,10,
yuhan,P04,39,outwards,11,
yuhan,P04,40,inwards,NA,
yuhan,P04,41,outwards,NA,
yuhan,P04,42,inwards,NA,
yuhan,P04,43,outwards,NA,
yuhan,P04,44,inwards,NA,
yuhan,P04,45,outwards,8,
yuhan,P04,46,inwards,12,
yuhan,P04,47,outwards,16,
yuhan,P04,48,inwards,27,
yuhan,P04,49,outwards,28,
yuhan,P04,50,inwards,29,
yuhan,P04,51,outwards,4,
yuhan,P04,52,inwards,5,
yuhan,P04,53,outwards,2,
yuhan,P04,54,inwards,3,
yuhan,P04,55,outwards,4,
yuhan,P04,56,inwards,NA,
yuhan,P04,57,outwards,NA,
yuhan,P04,58,inwards,NA,
yuhan,P04,59,outwards,NA,
yuhan,P04,60,inwards,12,
yuhan,P04,61,outwards,14,
yuhan,P04,62,inwards,20,
yuhan,P04,63,outwards,16,
yuhan,P04,64,inwards,12,
yuhan,P04,65,outwards,1,
yuhan,P04,66,inwards,2,
yuhan,P04,67,outwards,NA,
yuhan,P04,68,inwards,NA,
yuhan,P04,69,outwards,NA,
yuhan,P04,70,inwards,NA,
yuhan,P04,71,outwards,NA,
yuhan,P04,72,inwards,NA,
yuhan,P04,73,outwards,15,
yuhan,P04,74,inwards,23,
yuhan,P04,75,outwards,26,
yuhan,P04,76,inwards,13,
yuhan,P04,77,outwards,11,
yuhan,P04,78,inwards,4,
yuhan,P04,79,outwards,NA,
yuhan,P04,80,inwards,NA,
yuhan,P04,81,outwards,NA,
yuhan,P04,82,inwards,NA,
yuhan,P04,83,outwards,4,
yuhan,P04,84,inwards,6,
yuhan,P04,85,outwards,9,
yuhan,P04,86,inwards,11,
yuhan,P04,87,outwards,18,
yuhan,P04,88,inwards,14,
yuhan,P04,89,outwards,12,
yuhan,P04,90,inwards,16,
yuhan,P04,91,outwards,20,
yuhan,P04,92,inwards,24,
yuhan,P04,93,outwards,25,
yuhan,P04,94,inwards,10,
yuhan,P04,95,outwards,6,
yuhan,P04,96,inwards,4,
yuhan,P04,97,outwards,18,
yuhan,P04,98,inwards,19,
yuhan,P04,99,outwards,26,
yuhan,P04,100,inwards,28,
yuhan,P04,101,outwards,30,
yuhan,P04,102,inwards,10,
yuhan,P04,103,outwards,9,
yuhan,P04,104,inwards,18,
yuhan,P04,105,outwards,16,
yuhan,P04,106,inwards,15,
yuhan,P04,107,outwards,8,
yuhan,P04,108,inwards,4,
yuhan,P04,109,outwards,6,
yuhan,P04,110,inwards,19,NOTE:P04 often stuck for a long time so I let her give me more random number than others
yuhan,P05,1,outwards,5,
yuhan,P05,2,inwards,7,
yuhan,P05,3,outwards,11,
yuhan,P05,4,inwards,17,
yuhan,P05,5,outwards,20,
yuhan,P05,6,inwards,25,
yuhan,P05,7,outwards,30,
yuhan,P05,8,inwards,6,
yuhan,P05,9,outwards,17,
yuhan,P05,10,inwards,19,
yuhan,P05,11,outwards,21,
yuhan,P05,12,inwards,16,
yuhan,P05,13,outwards,5,
yuhan,P05,14,inwards,20,
yuhan,P05,15,outwards,21,
yuhan,P05,16,inwards,25,
yuhan,P05,17,outwards,29,
yuhan,P05,18,inwards,19,
yuhan,P05,19,outwards,15,
yuhan,P05,20,inwards,12,
yuhan,P05,21,outwards,7,
yuhan,P05,22,inwards,11,
yuhan,P05,23,outwards,24,
yuhan,P05,24,inwards,6,
yuhan,P05,25,outwards,3,
yuhan,P05,26,inwards,1,
yuhan,P05,27,outwards,30,
yuhan,P05,28,inwards,29,
yuhan,P05,29,outwards,27,
yuhan,P05,30,inwards,20,
yuhan,P05,31,outwards,13,
yuhan,P05,32,inwards,11,
yuhan,P05,33,outwards,9,
yuhan,P05,34,inwards,17,
yuhan,P05,35,outwards,14,
yuhan,P05,36,inwards,13,
yuhan,P05,37,outwards,10,
yuhan,P05,38,inwards,3,
yuhan,P05,39,outwards,1,
yuhan,P05,40,inwards,7,
yuhan,P05,41,outwards,2,
yuhan,P05,42,inwards,16,
yuhan,P05,43,outwards,18,
yuhan,P05,44,inwards,21,
yuhan,P05,45,outwards,28,
yuhan,P05,46,inwards,24,
yuhan,P05,47,outwards,17,
yuhan,P05,48,inwards,10,
yuhan,P05,49,outwards,3,
yuhan,P05,50,inwards,4,
yuhan,P05,51,outwards,11,
yuhan,P05,52,inwards,18,
yuhan,P05,53,outwards,22,
yuhan,P05,54,inwards,29,
yuhan,P05,55,outwards,30,
yuhan,P05,56,inwards,17,
yuhan,P05,57,outwards,11,
yuhan,P05,58,inwards,6,
yuhan,P05,59,outwards,9,
yuhan,P05,60,inwards,7,
yuhan,P05,61,outwards,14,
yuhan,P05,62,inwards,18,
yuhan,P05,63,outwards,26,
yuhan,P05,64,inwards,23,
yuhan,P05,65,outwards,22,
yuhan,P05,66,inwards,11,
yuhan,P05,67,outwards,1,
yuhan,P05,68,inwards,3,
yuhan,P05,69,outwards,4,
yuhan,P05,70,inwards,16,
yuhan,P05,71,outwards,18,
yuhan,P05,72,inwards,17,
yuhan,P05,73,outwards,20,
yuhan,P05,74,inwards,30,
yuhan,P05,75,outwards,18,
yuhan,P05,76,inwards,5,
yuhan,P05,77,outwards,8,
yuhan,P05,78,inwards,11,
yuhan,P05,79,outwards,10,
yuhan,P05,80,inwards,4,
yuhan,P05,81,outwards,NA,
yuhan,P05,82,inwards,NA,
yuhan,P05,83,outwards,NA,
yuhan,P05,84,inwards,NA,
yuhan,P05,85,outwards,NA,
yuhan,P05,86,inwards,NA,
yuhan,P05,87,outwards,NA,
yuhan,P05,88,inwards,NA,
yuhan,P05,89,outwards,NA,
yuhan,P05,90,inwards,NA,
yuhan,P05,91,outwards,NA,
yuhan,P05,92,inwards,NA,
yuhan,P05,93,outwards,NA,
yuhan,P05,94,inwards,NA,
yuhan,P05,95,outwards,NA,
yuhan,P05,96,inwards,NA,
yuhan,P05,97,outwards,NA,
yuhan,P05,98,inwards,NA,
yuhan,P05,99,outwards,NA,
yuhan,P05,100,inwards,NA,
yuhan,P06,1,outwards,10,
yuhan,P06,2,inwards,11,
yuhan,P06,3,outwards,30,
yuhan,P06,4,inwards,28,
yuhan,P06,5,outwards,13,
yuhan,P06,6,inwards,6,
yuhan,P06,7,outwards,1,
yuhan,P06,8,inwards,17,
yuhan,P06,9,outwards,14,
yuhan,P06,10,inwards,20,
yuhan,P06,11,outwards,26,
yuhan,P06,12,inwards,16,
yuhan,P06,13,outwards,6,
yuhan,P06,14,inwards,2,
yuhan,P06,15,outwards,3,
yuhan,P06,16,inwards,24,
yuhan,P06,17,outwards,15,
yuhan,P06,18,inwards,20,
yuhan,P06,19,outwards,30,
yuhan,P06,20,inwards,27,
yuhan,P06,21,outwards,17,
yuhan,P06,22,inwards,5,
yuhan,P06,23,outwards,4,
yuhan,P06,24,inwards,11,
yuhan,P06,25,outwards,13,
yuhan,P06,26,inwards,23,
yuhan,P06,27,outwards,28,
yuhan,P06,28,inwards,11,
yuhan,P06,29,outwards,6,
yuhan,P06,30,inwards,17,
yuhan,P06,31,outwards,18,
yuhan,P06,32,inwards,4,
yuhan,P06,33,outwards,9,
yuhan,P06,34,inwards,1,
yuhan,P06,35,outwards,29,
yuhan,P06,36,inwards,23,
yuhan,P06,37,outwards,26,
yuhan,P06,38,inwards,30,
yuhan,P06,39,outwards,1,
yuhan,P06,40,inwards,2,
yuhan,P06,41,outwards,4,
yuhan,P06,42,inwards,10,
yuhan,P06,43,outwards,18,
yuhan,P06,44,inwards,21,
yuhan,P06,45,outwards,25,
yuhan,P06,46,inwards,23,
yuhan,P06,47,outwards,29,
yuhan,P06,48,inwards,11,
yuhan,P06,49,outwards,19,
yuhan,P06,50,inwards,1,
yuhan,P06,51,outwards,3,
yuhan,P06,52,inwards,1,
yuhan,P06,53,outwards,11,
yuhan,P06,54,inwards,10,
yuhan,P06,55,outwards,28,
yuhan,P06,56,inwards,16,
yuhan,P06,57,outwards,14,
yuhan,P06,58,inwards,13,
yuhan,P06,59,outwards,27,
yuhan,P06,60,inwards,1,
yuhan,P06,61,outwards,6,
yuhan,P06,62,inwards,15,
yuhan,P06,63,outwards,17,
yuhan,P06,64,inwards,3,
yuhan,P06,65,outwards,8,
yuhan,P06,66,inwards,2,
yuhan,P06,67,outwards,29,
yuhan,P06,68,inwards,26,
yuhan,P06,69,outwards,13,
yuhan,P06,70,inwards,12,
yuhan,P06,71,outwards,24,
yuhan,P06,72,inwards,28,
yuhan,P06,73,outwards,16,
yuhan,P06,74,inwards,4,
yuhan,P06,75,outwards,19,
yuhan,P06,76,inwards,25,
yuhan,P06,77,outwards,30,
yuhan,P06,78,inwards,12,
yuhan,P06,79,outwards,22,
yuhan,P06,80,inwards,NA,P06 the note sheet has wrong oder and without noticed. 
yuhan,P06,81,outwards,NA,
yuhan,P06,82,inwards,NA,
yuhan,P06,83,outwards,NA,
yuhan,P06,84,inwards,NA,
yuhan,P06,85,outwards,NA,
yuhan,P06,86,inwards,NA,
yuhan,P06,87,outwards,NA,
yuhan,P06,88,inwards,NA,
yuhan,P06,89,outwards,NA,
yuhan,P06,90,inwards,NA,
yuhan,P06,91,outwards,NA,
yuhan,P06,92,inwards,NA,
yuhan,P06,93,outwards,NA,
yuhan,P06,94,inwards,NA,
yuhan,P06,95,outwards,NA,
yuhan,P06,96,inwards,NA,
yuhan,P06,97,outwards,NA,
yuhan,P06,98,inwards,NA,
yuhan,P06,99,outwards,NA,
yuhan,P06,100,inwards,NA,
yuhan,P07,1,outwards,7,
yuhan,P07,2,inwards,1,
yuhan,P07,3,outwards,30,
yuhan,P07,4,inwards,4,
yuhan,P07,5,outwards,5,
yuhan,P07,6,inwards,7,
yuhan,P07,7,outwards,8,
yuhan,P07,8,inwards,21,
yuhan,P07,9,outwards,30,
yuhan,P07,10,inwards,32,oops
yuhan,P07,11,outwards,33,oops
yuhan,P07,12,inwards,7,
yuhan,P07,13,outwards,15,
yuhan,P07,14,inwards,16,
yuhan,P07,15,outwards,20,
yuhan,P07,16,inwards,30,
yuhan,P07,17,outwards,27,
yuhan,P07,18,inwards,NA,
yuhan,P07,19,outwards,NA,
yuhan,P07,20,inwards,14,
yuhan,P07,21,outwards,NA,
yuhan,P07,22,inwards,13,
yuhan,P07,23,outwards,2,
yuhan,P07,24,inwards,8,
yuhan,P07,25,outwards,7,
yuhan,P07,26,inwards,14,
yuhan,P07,27,outwards,16,
yuhan,P07,28,inwards,19,
yuhan,P07,29,outwards,NA,
yuhan,P07,30,inwards,NA,
yuhan,P07,31,outwards,21,
yuhan,P07,32,inwards,25,
yuhan,P07,33,outwards,3,
yuhan,P07,34,inwards,2,
yuhan,P07,35,outwards,19,
yuhan,P07,36,inwards,18,
yuhan,P07,37,outwards,13,
yuhan,P07,38,inwards,9,
yuhan,P07,39,outwards,25,
yuhan,P07,40,inwards,27,
yuhan,P07,41,outwards,13,
yuhan,P07,42,inwards,1,
yuhan,P07,43,outwards,3,
yuhan,P07,44,inwards,15,
yuhan,P07,45,outwards,19,
yuhan,P07,46,inwards,20,
yuhan,P07,47,outwards,24,
yuhan,P07,48,inwards,30,
yuhan,P07,49,outwards,29,
yuhan,P07,50,inwards,2,
yuhan,P07,51,outwards,3,
yuhan,P07,52,inwards,4,
yuhan,P07,53,outwards,10,
yuhan,P07,54,inwards,11,
yuhan,P07,55,outwards,14,
yuhan,P07,56,inwards,15,
yuhan,P07,57,outwards,20,
yuhan,P07,58,inwards,21,
yuhan,P07,59,outwards,30,
yuhan,P07,60,inwards,29,
yuhan,P07,61,outwards,28,
yuhan,P07,62,inwards,15,
yuhan,P07,63,outwards,13,
yuhan,P07,64,inwards,12,MISS BEATS BUT WITH RIGHT MOVEMENT 
yuhan,P07,65,outwards,14,
yuhan,P07,66,inwards,3,
yuhan,P07,67,outwards,1,
yuhan,P07,68,inwards,2,
yuhan,P07,69,outwards,5,
yuhan,P07,70,inwards,6,
yuhan,P07,71,outwards,17,
yuhan,P07,72,inwards,25,
yuhan,P07,73,outwards,19,
yuhan,P07,74,inwards,18,
yuhan,P07,75,outwards,20,
yuhan,P07,76,inwards,NA,
yuhan,P07,77,outwards,21,
yuhan,P07,78,inwards,22,
yuhan,P07,79,outwards,25,
yuhan,P07,80,inwards,30,
yuhan,P07,81,outwards,19,
yuhan,P07,82,inwards,17,
yuhan,P07,83,outwards,17,
yuhan,P07,84,inwards,18,
yuhan,P07,85,outwards,16,
yuhan,P07,86,inwards,4,
yuhan,P07,87,outwards,8,
yuhan,P07,88,inwards,12,
yuhan,P07,89,outwards,20,
yuhan,P07,90,inwards,16,
yuhan,P07,91,outwards,18,
yuhan,P07,92,inwards,26,MISS BEATS BUT WITH RIGHT MOVEMENT 
yuhan,P07,93,outwards,27,
yuhan,P07,94,inwards,29,
yuhan,P07,95,outwards,3,
yuhan,P07,96,inwards,2,
yuhan,P07,97,outwards,1,
yuhan,P07,98,inwards,9,
yuhan,P07,99,outwards,NA,P07 also easy to miss te beat but always give accurate movement matched with note sheet and participant easy to give delay response of the beat
yuhan,P07,100,inwards,NA,
yuhan,P08,1,outwards,23,
yuhan,P08,2,inwards,17,
yuhan,P08,3,outwards,6,
yuhan,P08,4,inwards,5,
yuhan,P08,5,outwards,14,
yuhan,P08,6,inwards,12,
yuhan,P08,7,outwards,1,
yuhan,P08,8,inwards,24,
yuhan,P08,9,outwards,27,
yuhan,P08,10,inwards,30,
yuhan,P08,11,outwards,19,
yuhan,P08,12,inwards,6,
yuhan,P08,13,outwards,3,
yuhan,P08,14,inwards,15,
yuhan,P08,15,outwards,17,
yuhan,P08,16,inwards,23,
yuhan,P08,17,outwards,20,
yuhan,P08,18,inwards,10,
yuhan,P08,19,outwards,5,
yuhan,P08,20,inwards,6,
yuhan,P08,21,outwards,1,
yuhan,P08,22,inwards,4,
yuhan,P08,23,outwards,12,
yuhan,P08,24,inwards,19,
yuhan,P08,25,outwards,26,
yuhan,P08,26,inwards,25,
yuhan,P08,27,outwards,30,
yuhan,P08,28,inwards,12,
yuhan,P08,29,outwards,6,
yuhan,P08,30,inwards,11,
yuhan,P08,31,outwards,22,
yuhan,P08,32,inwards,1,
yuhan,P08,33,outwards,30,
yuhan,P08,34,inwards,24,
yuhan,P08,35,outwards,28,
yuhan,P08,36,inwards,8,
yuhan,P08,37,outwards,10,
yuhan,P08,38,inwards,6,
yuhan,P08,39,outwards,17,
yuhan,P08,40,inwards,1,
yuhan,P08,41,outwards,4,
yuhan,P08,42,inwards,3,
yuhan,P08,43,outwards,6,
yuhan,P08,44,inwards,12,
yuhan,P08,45,outwards,14,
yuhan,P08,46,inwards,13,
yuhan,P08,47,outwards,22,
yuhan,P08,48,inwards,20,
yuhan,P08,49,outwards,30,
yuhan,P08,50,inwards,15,
yuhan,P08,51,outwards,12,
yuhan,P08,52,inwards,10,
yuhan,P08,53,outwards,7,
yuhan,P08,54,inwards,9,
yuhan,P08,55,outwards,1,
yuhan,P08,56,inwards,24,
yuhan,P08,57,outwards,14,
yuhan,P08,58,inwards,25,
yuhan,P08,59,outwards,15,
yuhan,P08,60,inwards,7,
yuhan,P08,61,outwards,5,
yuhan,P08,62,inwards,3,
yuhan,P08,63,outwards,30,
yuhan,P08,64,inwards,29,
yuhan,P08,65,outwards,10,
yuhan,P08,66,inwards,12,
yuhan,P08,67,outwards,17,
yuhan,P08,68,inwards,3,
yuhan,P08,69,outwards,7,
yuhan,P08,70,inwards,9,
yuhan,P08,71,outwards,18,
yuhan,P08,72,inwards,23,
yuhan,P08,73,outwards,24,
yuhan,P08,74,inwards,8,
yuhan,P08,75,outwards,6,
yuhan,P08,76,inwards,2,
yuhan,P08,77,outwards,22,
yuhan,P08,78,inwards,12,
yuhan,P08,79,outwards,14,
yuhan,P08,80,inwards,NA,the notesheet has wrong order but didn't notice
yuhan,P08,81,outwards,NA,
yuhan,P08,82,inwards,NA,
yuhan,P08,83,outwards,NA,
yuhan,P08,84,inwards,NA,
yuhan,P08,85,outwards,NA,
yuhan,P08,86,inwards,NA,
yuhan,P08,87,outwards,NA,
yuhan,P08,88,inwards,NA,
yuhan,P08,89,outwards,NA,
yuhan,P08,90,inwards,NA,
yuhan,P08,91,outwards,NA,
yuhan,P08,92,inwards,NA,
yuhan,P08,93,outwards,NA,
yuhan,P08,94,inwards,NA,
yuhan,P08,95,outwards,NA,
yuhan,P08,96,inwards,NA,
yuhan,P08,97,outwards,NA,
yuhan,P08,98,inwards,NA,
yuhan,P08,99,outwards,NA,
yuhan,P08,100,inwards,NA,
bodo,P09,1,outwards,3,
bodo,P09,2,inwards,9,
bodo,P09,3,outwards,20,
bodo,P09,4,inwards,16,
bodo,P09,5,outwards,29,yuhan's handwriting: could also be 28
bodo,P09,6,inwards,27,
bodo,P09,7,outwards,30,
bodo,P09,8,inwards,1,
bodo,P09,9,outwards,5,
bodo,P09,10,inwards,4,
bodo,P09,11,outwards,2,
bodo,P09,12,inwards,8,
bodo,P09,13,outwards,20,
bodo,P09,14,inwards,17,
bodo,P09,15,outwards,19,
bodo,P09,16,inwards,13,
bodo,P09,17,outwards,15,
bodo,P09,18,inwards,18,
bodo,P09,19,outwards,19,
bodo,P09,20,inwards,21,
bodo,P09,21,outwards,8,
bodo,P09,22,inwards,6,
bodo,P09,23,outwards,4,
bodo,P09,24,inwards,2,
bodo,P09,25,outwards,1,
bodo,P09,26,inwards,10,
bodo,P09,27,outwards,11,
bodo,P09,28,inwards,12,
bodo,P09,29,outwards,9,
bodo,P09,30,inwards,15,
bodo,P09,31,outwards,14,
bodo,P09,32,inwards,25,
bodo,P09,33,outwards,24,
bodo,P09,34,inwards,26,
bodo,P09,35,outwards,3,
bodo,P09,36,inwards,4,
bodo,P09,37,outwards,8,
bodo,P09,38,inwards,29,
bodo,P09,39,outwards,28,
bodo,P09,40,inwards,18,
bodo,P09,41,outwards,19,
bodo,P09,42,inwards,17,
bodo,P09,43,outwards,5,
bodo,P09,44,inwards,8,
bodo,P09,45,outwards,12,
bodo,P09,46,inwards,21,
bodo,P09,47,outwards,11,
bodo,P09,48,inwards,25,
bodo,P09,49,outwards,24,
bodo,P09,50,inwards,28,
bodo,P09,51,outwards,7,
bodo,P09,52,inwards,16,
bodo,P09,53,outwards,20,
bodo,P09,54,inwards,21,
bodo,P09,55,outwards,25,
bodo,P09,56,inwards,3,
bodo,P09,57,outwards,2,
bodo,P09,58,inwards,27,
bodo,P09,59,outwards,17,
bodo,P09,60,inwards,25,
bodo,P09,61,outwards,18,
bodo,P09,62,inwards,9,
bodo,P09,63,outwards,3,
bodo,P09,64,inwards,7,
bodo,P09,65,outwards,2,
bodo,P09,66,inwards,18,
bodo,P09,67,outwards,15,
bodo,P09,68,inwards,22,
bodo,P09,69,outwards,27,
bodo,P09,70,inwards,25,
bodo,P09,71,outwards,5,
bodo,P09,72,inwards,15,
bodo,P09,73,outwards,6,
bodo,P09,74,inwards,7,
bodo,P09,75,outwards,23,
bodo,P09,76,inwards,12,
bodo,P09,77,outwards,2,
bodo,P09,78,inwards,22,
bodo,P09,79,outwards,25,
bodo,P09,80,inwards,NA,
bodo,P09,81,outwards,NA,
bodo,P09,82,inwards,NA,
bodo,P09,83,outwards,NA,
bodo,P09,84,inwards,NA,
bodo,P09,85,outwards,NA,
bodo,P09,86,inwards,NA,
bodo,P09,87,outwards,NA,
bodo,P09,88,inwards,NA,
bodo,P09,89,outwards,NA,
bodo,P09,90,inwards,NA,
bodo,P09,91,outwards,NA,
bodo,P09,92,inwards,NA,
bodo,P09,93,outwards,NA,
bodo,P09,94,inwards,NA,
bodo,P09,95,outwards,NA,
bodo,P09,96,inwards,NA,
bodo,P09,97,outwards,NA,
bodo,P09,98,inwards,NA,
bodo,P09,99,outwards,NA,
bodo,P09,100,inwards,NA,
bodo,P10,1,outwards,1,
bodo,P10,2,inwards,30,
bodo,P10,3,outwards,28,
bodo,P10,4,inwards,18,
bodo,P10,5,outwards,13,
bodo,P10,6,inwards,10,
bodo,P10,7,outwards,5,
bodo,P10,8,inwards,8,
bodo,P10,9,outwards,18,
bodo,P10,10,inwards,NA,
bodo,P10,11,outwards,NA,
bodo,P10,12,inwards,13,
bodo,P10,13,outwards,20,
bodo,P10,14,inwards,24,
bodo,P10,15,outwards,21,
bodo,P10,16,inwards,27,
bodo,P10,17,outwards,17,
bodo,P10,18,inwards,14,
bodo,P10,19,outwards,13,
bodo,P10,20,inwards,3,
bodo,P10,21,outwards,5,
bodo,P10,22,inwards,1,
bodo,P10,23,outwards,30,
bodo,P10,24,inwards,26,
bodo,P10,25,outwards,25,
bodo,P10,26,inwards,14,yuhan's handwriting: not 100% sure
bodo,P10,27,outwards,25,
bodo,P10,28,inwards,26,
bodo,P10,29,outwards,6,
bodo,P10,30,inwards,5,
bodo,P10,31,outwards,10,
bodo,P10,32,inwards,NA,
bodo,P10,33,outwards,9,
bodo,P10,34,inwards,2,
bodo,P10,35,outwards,25,
bodo,P10,36,inwards,2,
bodo,P10,37,outwards,26,
bodo,P10,38,inwards,27,
bodo,P10,39,outwards,28,
bodo,P10,40,inwards,29,
bodo,P10,41,outwards,13,
bodo,P10,42,inwards,1,
bodo,P10,43,outwards,2,
bodo,P10,44,inwards,4,
bodo,P10,45,outwards,6,
bodo,P10,46,inwards,8,
bodo,P10,47,outwards,10,
bodo,P10,48,inwards,12,
bodo,P10,49,outwards,14,
bodo,P10,50,inwards,16,
bodo,P10,51,outwards,18,
bodo,P10,52,inwards,20,
bodo,P10,53,outwards,22,
bodo,P10,54,inwards,25,
bodo,P10,55,outwards,26,
bodo,P10,56,inwards,28,
bodo,P10,57,outwards,13,
bodo,P10,58,inwards,1,
bodo,P10,59,outwards,3,
bodo,P10,60,inwards,5,
bodo,P10,61,outwards,7,
bodo,P10,62,inwards,9,
bodo,P10,63,outwards,11,
bodo,P10,64,inwards,13,
bodo,P10,65,outwards,15,
bodo,P10,66,inwards,17,
bodo,P10,67,outwards,19,
bodo,P10,68,inwards,21,
bodo,P10,69,outwards,24,
bodo,P10,70,inwards,25,
bodo,P10,71,outwards,27,
bodo,P10,72,inwards,28,
bodo,P10,73,outwards,26,
bodo,P10,74,inwards,25,
bodo,P10,75,outwards,24,
bodo,P10,76,inwards,23,
bodo,P10,77,outwards,22,
bodo,P10,78,inwards,21,
bodo,P10,79,outwards,20,
bodo,P10,80,inwards,19,
bodo,P10,81,outwards,18,
bodo,P10,82,inwards,NA,
bodo,P10,83,outwards,NA,
bodo,P10,84,inwards,NA,
bodo,P10,85,outwards,NA,
bodo,P10,86,inwards,NA,
bodo,P10,87,outwards,NA,
bodo,P10,88,inwards,NA,
bodo,P10,89,outwards,NA,
bodo,P10,90,inwards,NA,
bodo,P10,91,outwards,NA,
bodo,P10,92,inwards,NA,
bodo,P10,93,outwards,NA,
bodo,P10,94,inwards,NA,
bodo,P10,95,outwards,NA,
bodo,P10,96,inwards,NA,
bodo,P10,97,outwards,NA,
bodo,P10,98,inwards,NA,
bodo,P10,99,outwards,NA,
bodo,P10,100,inwards,NA,
bodo,P11,1,outwards,9,
bodo,P11,2,inwards,22,
bodo,P11,3,outwards,29,
bodo,P11,4,inwards,15,
bodo,P11,5,outwards,18,
bodo,P11,6,inwards,3,
bodo,P11,7,outwards,6,
bodo,P11,8,inwards,17,
bodo,P11,9,outwards,24,
bodo,P11,10,inwards,17,
bodo,P11,11,outwards,4,
bodo,P11,12,inwards,2,
bodo,P11,13,outwards,28,
bodo,P11,14,inwards,30,
bodo,P11,15,outwards,16,
bodo,P11,16,inwards,19,
bodo,P11,17,outwards,23,
bodo,P11,18,inwards,5,
bodo,P11,19,outwards,7,
bodo,P11,20,inwards,9,
bodo,P11,21,outwards,18,
bodo,P11,22,inwards,12,
bodo,P11,23,outwards,3,
bodo,P11,24,inwards,26,
bodo,P11,25,outwards,21,yuhan's handwriting: could possibly (but unlikely) also be 27
bodo,P11,26,inwards,19,
bodo,P11,27,outwards,14,
bodo,P11,28,inwards,8,
bodo,P11,29,outwards,7,
bodo,P11,30,inwards,27,
bodo,P11,31,outwards,28,
bodo,P11,32,inwards,15,
bodo,P11,33,outwards,19,
bodo,P11,34,inwards,7,
bodo,P11,35,outwards,6,
bodo,P11,36,inwards,24,
bodo,P11,37,outwards,20,
bodo,P11,38,inwards,19,
bodo,P11,39,outwards,11,
bodo,P11,40,inwards,8,
bodo,P11,41,outwards,4,
bodo,P11,42,inwards,17,
bodo,P11,43,outwards,NA,
bodo,P11,44,inwards,18,
bodo,P11,45,outwards,23,
bodo,P11,46,inwards,NA,
bodo,P11,47,outwards,NA,
bodo,P11,48,inwards,11,
bodo,P11,49,outwards,3,
bodo,P11,50,inwards,5,
bodo,P11,51,outwards,30,
bodo,P11,52,inwards,11,
bodo,P11,53,outwards,NA,
bodo,P11,54,inwards,NA,
bodo,P11,55,outwards,12,
bodo,P11,56,inwards,NA,
bodo,P11,57,outwards,11,
bodo,P11,58,inwards,26,
bodo,P11,59,outwards,NA,
bodo,P11,60,inwards,NA,
bodo,P11,61,outwards,NA,
bodo,P11,62,inwards,18,
bodo,P11,63,outwards,28,
bodo,P11,64,inwards,NA,
bodo,P11,65,outwards,NA,
bodo,P11,66,inwards,NA,
bodo,P11,67,outwards,18,
bodo,P11,68,inwards,5,
bodo,P11,69,outwards,16,
bodo,P11,70,inwards,7,
bodo,P11,71,outwards,19,
bodo,P11,72,inwards,24,
bodo,P11,73,outwards,30,
bodo,P11,74,inwards,5,
bodo,P11,75,outwards,16,
bodo,P11,76,inwards,7,
bodo,P11,77,outwards,18,
bodo,P11,78,inwards,2,
bodo,P11,79,outwards,11,
bodo,P11,80,inwards,22,
bodo,P11,81,outwards,30,
bodo,P11,82,inwards,11,
bodo,P11,83,outwards,15,
bodo,P11,84,inwards,6,
bodo,P11,85,outwards,27,
bodo,P11,86,inwards,NA,
bodo,P11,87,outwards,8,
bodo,P11,88,inwards,11,
bodo,P11,89,outwards,30,
bodo,P11,90,inwards,15,
bodo,P11,91,outwards,26,
bodo,P11,92,inwards,3,
bodo,P11,93,outwards,9,
bodo,P11,94,inwards,22,
bodo,P11,95,outwards,3,
bodo,P11,96,inwards,15,
bodo,P11,97,outwards,22,
bodo,P11,98,inwards,6,
bodo,P11,99,outwards,27,
bodo,P11,100,inwards,28,there's more for this participant because of the complications; I stopped recording the data here because it goes above the sheet without clear inwards/outwards info; too risky to mix
bodo,P12,1,outwards,1,
bodo,P12,2,inwards,6,
bodo,P12,3,outwards,7,
bodo,P12,4,inwards,9,
bodo,P12,5,outwards,2,
bodo,P12,6,inwards,12,
bodo,P12,7,outwards,20,
bodo,P12,8,inwards,26,
bodo,P12,9,outwards,29,
bodo,P12,10,inwards,17,
bodo,P12,11,outwards,19,
bodo,P12,12,inwards,11,
bodo,P12,13,outwards,4,
bodo,P12,14,inwards,9,
bodo,P12,15,outwards,12,
bodo,P12,16,inwards,22,
bodo,P12,17,outwards,29,
bodo,P12,18,inwards,30,
bodo,P12,19,outwards,1,
bodo,P12,20,inwards,12,
bodo,P12,21,outwards,26,
bodo,P12,22,inwards,23,
bodo,P12,23,outwards,16,
bodo,P12,24,inwards,15,
bodo,P12,25,outwards,2,
bodo,P12,26,inwards,24,
bodo,P12,27,outwards,30,
bodo,P12,28,inwards,7,
bodo,P12,29,outwards,14,
bodo,P12,30,inwards,21,
bodo,P12,31,outwards,22,
bodo,P12,32,inwards,12,
bodo,P12,33,outwards,13,
bodo,P12,34,inwards,27,
bodo,P12,35,outwards,4,
bodo,P12,36,inwards,9,
bodo,P12,37,outwards,20,
bodo,P12,38,inwards,11,
bodo,P12,39,outwards,19,
bodo,P12,40,inwards,27,
bodo,P12,41,outwards,26,
bodo,P12,42,inwards,15,
bodo,P12,43,outwards,2,
bodo,P12,44,inwards,4,
bodo,P12,45,outwards,6,
bodo,P12,46,inwards,26,
bodo,P12,47,outwards,17,
bodo,P12,48,inwards,19,
bodo,P12,49,outwards,12,
bodo,P12,50,inwards,29,
bodo,P12,51,outwards,16,
bodo,P12,52,inwards,19,yuhan's handwriting: could also be 13?
bodo,P12,53,outwards,22,
bodo,P12,54,inwards,7,
bodo,P12,55,outwards,4,
bodo,P12,56,inwards,5,
bodo,P12,57,outwards,20,
bodo,P12,58,inwards,30,
bodo,P12,59,outwards,11,
bodo,P12,60,inwards,12,
bodo,P12,61,outwards,3,
bodo,P12,62,inwards,4,
bodo,P12,63,outwards,20,
bodo,P12,64,inwards,26,
bodo,P12,65,outwards,12,
bodo,P12,66,inwards,17,
bodo,P12,67,outwards,13,
bodo,P12,68,inwards,4,
bodo,P12,69,outwards,7,
bodo,P12,70,inwards,16,
bodo,P12,71,outwards,30,
bodo,P12,72,inwards,12,
bodo,P12,73,outwards,17,
bodo,P12,74,inwards,30,
bodo,P12,75,outwards,4,
bodo,P12,76,inwards,22,
bodo,P12,77,outwards,26,
bodo,P12,78,inwards,28,
bodo,P12,79,outwards,14,
bodo,P12,80,inwards,17,
bodo,P12,81,outwards,NA,
bodo,P12,82,inwards,NA,
bodo,P12,83,outwards,NA,
bodo,P12,84,inwards,NA,
bodo,P12,85,outwards,NA,
bodo,P12,86,inwards,NA,
bodo,P12,87,outwards,NA,
bodo,P12,88,inwards,NA,
bodo,P12,89,outwards,NA,
bodo,P12,90,inwards,NA,
bodo,P12,91,outwards,NA,
bodo,P12,92,inwards,NA,
bodo,P12,93,outwards,NA,
bodo,P12,94,inwards,NA,
bodo,P12,95,outwards,NA,
bodo,P12,96,inwards,NA,
bodo,P12,97,outwards,NA,
bodo,P12,98,inwards,NA,
bodo,P12,99,outwards,NA,
bodo,P12,100,inwards,NA,
bodo,P13,1,outwards,7,
bodo,P13,2,inwards,13,
bodo,P13,3,outwards,23,
bodo,P13,4,inwards,19,
bodo,P13,5,outwards,28,
bodo,P13,6,inwards,4,
bodo,P13,7,outwards,15,
bodo,P13,8,inwards,23,
bodo,P13,9,outwards,20,
bodo,P13,10,inwards,30,
bodo,P13,11,outwards,3,
bodo,P13,12,inwards,5,
bodo,P13,13,outwards,13,
bodo,P13,14,inwards,16,
bodo,P13,15,outwards,19,
bodo,P13,16,inwards,2,
bodo,P13,17,outwards,1,
bodo,P13,18,inwards,7,
bodo,P13,19,outwards,10,
bodo,P13,20,inwards,14,
bodo,P13,21,outwards,24,
bodo,P13,22,inwards,25,
bodo,P13,23,outwards,16,
bodo,P13,24,inwards,29,
bodo,P13,25,outwards,17,
bodo,P13,26,inwards,4,
bodo,P13,27,outwards,9,
bodo,P13,28,inwards,11,
bodo,P13,29,outwards,15,
bodo,P13,30,inwards,19,
bodo,P13,31,outwards,26,
bodo,P13,32,inwards,22,
bodo,P13,33,outwards,7,
bodo,P13,34,inwards,1,
bodo,P13,35,outwards,30,
bodo,P13,36,inwards,8,
bodo,P13,37,outwards,10,
bodo,P13,38,inwards,27,yuhan's handwriting: double check that this is 27?
bodo,P13,39,outwards,24,
bodo,P13,40,inwards,25,
bodo,P13,41,outwards,1,
bodo,P13,42,inwards,3,
bodo,P13,43,outwards,6,
bodo,P13,44,inwards,5,
bodo,P13,45,outwards,16,
bodo,P13,46,inwards,19,
bodo,P13,47,outwards,3,
bodo,P13,48,inwards,30,
bodo,P13,49,outwards,11,
bodo,P13,50,inwards,1,
bodo,P13,51,outwards,6,
bodo,P13,52,inwards,9,
bodo,P13,53,outwards,7,
bodo,P13,54,inwards,30,
bodo,P13,55,outwards,29,
bodo,P13,56,inwards,25,
bodo,P13,57,outwards,13,
bodo,P13,58,inwards,12,
bodo,P13,59,outwards,2,
bodo,P13,60,inwards,4,
bodo,P13,61,outwards,17,
bodo,P13,62,inwards,19,
bodo,P13,63,outwards,30,
bodo,P13,64,inwards,27,
bodo,P13,65,outwards,25,
bodo,P13,66,inwards,12,
bodo,P13,67,outwards,13,
bodo,P13,68,inwards,6,
bodo,P13,69,outwards,2,
bodo,P13,70,inwards,1,
bodo,P13,71,outwards,19,
bodo,P13,72,inwards,17,
bodo,P13,73,outwards,30,
bodo,P13,74,inwards,2,
bodo,P13,75,outwards,5,
bodo,P13,76,inwards,17,
bodo,P13,77,outwards,30,
bodo,P13,78,inwards,23,
bodo,P13,79,outwards,29,
bodo,P13,80,inwards,27,
bodo,P13,81,outwards,NA,
bodo,P13,82,inwards,NA,
bodo,P13,83,outwards,NA,
bodo,P13,84,inwards,NA,
bodo,P13,85,outwards,NA,
bodo,P13,86,inwards,NA,
bodo,P13,87,outwards,NA,
bodo,P13,88,inwards,NA,
bodo,P13,89,outwards,NA,
bodo,P13,90,inwards,NA,
bodo,P13,91,outwards,NA,
bodo,P13,92,inwards,NA,
bodo,P13,93,outwards,NA,
bodo,P13,94,inwards,NA,
bodo,P13,95,outwards,NA,
bodo,P13,96,inwards,NA,
bodo,P13,97,outwards,NA,
bodo,P13,98,inwards,NA,
bodo,P13,99,outwards,NA,
bodo,P13,100,inwards,NA,
bodo,P14,1,outwards,6,
bodo,P14,2,inwards,10,
bodo,P14,3,outwards,4,
bodo,P14,4,inwards,9,
bodo,P14,5,outwards,20,
bodo,P14,6,inwards,24,
bodo,P14,7,outwards,27,
bodo,P14,8,inwards,26,
bodo,P14,9,outwards,3,
bodo,P14,10,inwards,8,
bodo,P14,11,outwards,14,
bodo,P14,12,inwards,16,
bodo,P14,13,outwards,19,
bodo,P14,14,inwards,2,
bodo,P14,15,outwards,11,
bodo,P14,16,inwards,13,
bodo,P14,17,outwards,7,
bodo,P14,18,inwards,27,yuhan's handwriting: double check that this is 27?
bodo,P14,19,outwards,21,
bodo,P14,20,inwards,22,
bodo,P14,21,outwards,8,
bodo,P14,22,inwards,5,
bodo,P14,23,outwards,15,
bodo,P14,24,inwards,20,
bodo,P14,25,outwards,NA,
bodo,P14,26,inwards,NA,
bodo,P14,27,outwards,NA,
bodo,P14,28,inwards,NA,
bodo,P14,29,outwards,22,
bodo,P14,30,inwards,28,
bodo,P14,31,outwards,17,
bodo,P14,32,inwards,12,
bodo,P14,33,outwards,14,
bodo,P14,34,inwards,25,
bodo,P14,35,outwards,24,
bodo,P14,36,inwards,3,
bodo,P14,37,outwards,NA,
bodo,P14,38,inwards,NA,
bodo,P14,39,outwards,1,
bodo,P14,40,inwards,30,
bodo,P14,41,outwards,29,
bodo,P14,42,inwards,19,
bodo,P14,43,outwards,NA,stuck a while
bodo,P14,44,inwards,17,
bodo,P14,45,outwards,18,
bodo,P14,46,inwards,15,
bodo,P14,47,outwards,7,
bodo,P14,48,inwards,4,
bodo,P14,49,outwards,5,
bodo,P14,50,inwards,16,
bodo,P14,51,outwards,24,
bodo,P14,52,inwards,20,
bodo,P14,53,outwards,27,
bodo,P14,54,inwards,8,
bodo,P14,55,outwards,17,
bodo,P14,56,inwards,14,yuhan's handwriting: could be 24?
bodo,P14,57,outwards,28,
bodo,P14,58,inwards,30,
bodo,P14,59,outwards,11,
bodo,P14,60,inwards,19,
bodo,P14,61,outwards,NA,
bodo,P14,62,inwards,NA,
bodo,P14,63,outwards,NA,
bodo,P14,64,inwards,17,
bodo,P14,65,outwards,20,
bodo,P14,66,inwards,11,
bodo,P14,67,outwards,10,
bodo,P14,68,inwards,8,
bodo,P14,69,outwards,27,
bodo,P14,70,inwards,23,
bodo,P14,71,outwards,7,
bodo,P14,72,inwards,4,
bodo,P14,73,outwards,16,
bodo,P14,74,inwards,1,
bodo,P14,75,outwards,2,
bodo,P14,76,inwards,4,
bodo,P14,77,outwards,12,
bodo,P14,78,inwards,19,
bodo,P14,79,outwards,28,
bodo,P14,80,inwards,27,
bodo,P14,81,outwards,26,
bodo,P14,82,inwards,23,
bodo,P14,83,outwards,17,
bodo,P14,84,inwards,18,
bodo,P14,85,outwards,9,
bodo,P14,86,inwards,10,
bodo,P14,87,outwards,7,
bodo,P14,88,inwards,23,
bodo,P14,89,outwards,30,
bodo,P14,90,inwards,4,
bodo,P14,91,outwards,5,
bodo,P14,92,inwards,14,
bodo,P14,93,outwards,15,
bodo,P14,94,inwards,18,
bodo,P14,95,outwards,25,
bodo,P14,96,inwards,29,
bodo,P14,97,outwards,NA,
bodo,P14,98,inwards,17,
bodo,P14,99,outwards,NA,"there's a few more here, but again, going past the box"
bodo,P14,100,inwards,NA,
bodo,P15,1,outwards,1,
bodo,P15,2,inwards,30,
bodo,P15,3,outwards,3,
bodo,P15,4,inwards,5,
bodo,P15,5,outwards,27,
bodo,P15,6,inwards,24,
bodo,P15,7,outwards,10,
bodo,P15,8,inwards,12,
bodo,P15,9,outwards,25,
bodo,P15,10,inwards,30,
bodo,P15,11,outwards,2,
bodo,P15,12,inwards,11,
bodo,P15,13,outwards,9,
bodo,P15,14,inwards,28,
bodo,P15,15,outwards,1,
bodo,P15,16,inwards,5,
bodo,P15,17,outwards,22,
bodo,P15,18,inwards,21,
bodo,P15,19,outwards,7,
bodo,P15,20,inwards,18,
bodo,P15,21,outwards,20,
bodo,P15,22,inwards,9,
bodo,P15,23,outwards,5,
bodo,P15,24,inwards,25,
bodo,P15,25,outwards,17,
bodo,P15,26,inwards,12,
bodo,P15,27,outwards,7,
bodo,P15,28,inwards,4,
bodo,P15,29,outwards,13,
bodo,P15,30,inwards,2,
bodo,P15,31,outwards,1,
bodo,P15,32,inwards,30,
bodo,P15,33,outwards,27,
bodo,P15,34,inwards,4,
bodo,P15,35,outwards,25,
bodo,P15,36,inwards,7,
bodo,P15,37,outwards,3,
bodo,P15,38,inwards,1,
bodo,P15,39,outwards,28,
bodo,P15,40,inwards,21,
bodo,P15,41,outwards,12,
bodo,P15,42,inwards,3,
bodo,P15,43,outwards,22,
bodo,P15,44,inwards,19,
bodo,P15,45,outwards,7,
bodo,P15,46,inwards,5,
bodo,P15,47,outwards,2,
bodo,P15,48,inwards,18,
bodo,P15,49,outwards,20,
bodo,P15,50,inwards,12,
bodo,P15,51,outwards,10,
bodo,P15,52,inwards,6,
bodo,P15,53,outwards,1,
bodo,P15,54,inwards,29,
bodo,P15,55,outwards,30,
bodo,P15,56,inwards,3,
bodo,P15,57,outwards,10,
bodo,P15,58,inwards,12,
bodo,P15,59,outwards,22,
bodo,P15,60,inwards,23,
bodo,P15,61,outwards,1,
bodo,P15,62,inwards,2,
bodo,P15,63,outwards,22,
bodo,P15,64,inwards,21,
bodo,P15,65,outwards,18,
bodo,P15,66,inwards,7,
bodo,P15,67,outwards,5,
bodo,P15,68,inwards,29,
bodo,P15,69,outwards,30,
bodo,P15,70,inwards,2,
bodo,P15,71,outwards,5,
bodo,P15,72,inwards,24,
bodo,P15,73,outwards,18,
bodo,P15,74,inwards,7,
bodo,P15,75,outwards,9,
bodo,P15,76,inwards,12,
bodo,P15,77,outwards,1,
bodo,P15,78,inwards,5,
bodo,P15,79,outwards,21,
bodo,P15,80,inwards,18,
bodo,P15,81,outwards,17,
bodo,P15,82,inwards,NA,
bodo,P15,83,outwards,NA,
bodo,P15,84,inwards,NA,
bodo,P15,85,outwards,NA,
bodo,P15,86,inwards,NA,
bodo,P15,87,outwards,NA,
bodo,P15,88,inwards,NA,
bodo,P15,89,outwards,NA,
bodo,P15,90,inwards,NA,
bodo,P15,91,outwards,NA,
bodo,P15,92,inwards,NA,
bodo,P15,93,outwards,NA,
bodo,P15,94,inwards,NA,
bodo,P15,95,outwards,NA,
bodo,P15,96,inwards,NA,
bodo,P15,97,outwards,NA,
bodo,P15,98,inwards,NA,
bodo,P15,99,outwards,NA,
bodo,P15,100,inwards,NA,
bodo,P16,1,outwards,4,
bodo,P16,2,inwards,7,
bodo,P16,3,outwards,13,
bodo,P16,4,inwards,16,
bodo,P16,5,outwards,22,
bodo,P16,6,inwards,25,
bodo,P16,7,outwards,27,
bodo,P16,8,inwards,29,
bodo,P16,9,outwards,28,
bodo,P16,10,inwards,6,
bodo,P16,11,outwards,1,
bodo,P16,12,inwards,3,
bodo,P16,13,outwards,4,
bodo,P16,14,inwards,14,
bodo,P16,15,outwards,16,
bodo,P16,16,inwards,20,
bodo,P16,17,outwards,21,
bodo,P16,18,inwards,30,
bodo,P16,19,outwards,19,
bodo,P16,20,inwards,18,
bodo,P16,21,outwards,7,
bodo,P16,22,inwards,2,
bodo,P16,23,outwards,12,
bodo,P16,24,inwards,13,
bodo,P16,25,outwards,14,
bodo,P16,26,inwards,16,
bodo,P16,27,outwards,25,
bodo,P16,28,inwards,23,
bodo,P16,29,outwards,22,
bodo,P16,30,inwards,30,
bodo,P16,31,outwards,1,
bodo,P16,32,inwards,3,
bodo,P16,33,outwards,8,
bodo,P16,34,inwards,7,
bodo,P16,35,outwards,17,
bodo,P16,36,inwards,14,
bodo,P16,37,outwards,13,
bodo,P16,38,inwards,23,
bodo,P16,39,outwards,26,
bodo,P16,40,inwards,28,
bodo,P16,41,outwards,30,
bodo,P16,42,inwards,21,
bodo,P16,43,outwards,4,
bodo,P16,44,inwards,3,
bodo,P16,45,outwards,13,
bodo,P16,46,inwards,15,
bodo,P16,47,outwards,22,
bodo,P16,48,inwards,27,
bodo,P16,49,outwards,21,"yuhan's handwriting: I think this is 21, but not sure"
bodo,P16,50,inwards,11,
bodo,P16,51,outwards,25,
bodo,P16,52,inwards,30,
bodo,P16,53,outwards,2,
bodo,P16,54,inwards,3,
bodo,P16,55,outwards,8,
bodo,P16,56,inwards,9,
bodo,P16,57,outwards,11,
bodo,P16,58,inwards,13,
bodo,P16,59,outwards,15,
bodo,P16,60,inwards,16,
bodo,P16,61,outwards,22,
bodo,P16,62,inwards,28,
bodo,P16,63,outwards,29,
bodo,P16,64,inwards,30,
bodo,P16,65,outwards,4,
bodo,P16,66,inwards,7,
bodo,P16,67,outwards,5,
bodo,P16,68,inwards,15,
bodo,P16,69,outwards,26,
bodo,P16,70,inwards,28,
bodo,P16,71,outwards,30,
bodo,P16,72,inwards,21,
bodo,P16,73,outwards,25,
bodo,P16,74,inwards,15,
bodo,P16,75,outwards,16,
bodo,P16,76,inwards,20,
bodo,P16,77,outwards,10,
bodo,P16,78,inwards,5,
bodo,P16,79,outwards,1,
bodo,P16,80,inwards,2,
bodo,P16,81,outwards,12,
bodo,P16,82,inwards,NA,
bodo,P16,83,outwards,NA,
bodo,P16,84,inwards,NA,
bodo,P16,85,outwards,NA,
bodo,P16,86,inwards,NA,
bodo,P16,87,outwards,NA,
bodo,P16,88,inwards,NA,
bodo,P16,89,outwards,NA,
bodo,P16,90,inwards,NA,
bodo,P16,91,outwards,NA,
bodo,P16,92,inwards,NA,
bodo,P16,93,outwards,NA,
bodo,P16,94,inwards,NA,
bodo,P16,95,outwards,NA,
bodo,P16,96,inwards,NA,
bodo,P16,97,outwards,NA,
bodo,P16,98,inwards,NA,
bodo,P16,99,outwards,NA,
bodo,P16,100,inwards,NA,
bodo,P17,1,outwards,1,
bodo,P17,2,inwards,3,
bodo,P17,3,outwards,5,
bodo,P17,4,inwards,7,
bodo,P17,5,outwards,2,
bodo,P17,6,inwards,4,
bodo,P17,7,outwards,6,
bodo,P17,8,inwards,8,
bodo,P17,9,outwards,10,
bodo,P17,10,inwards,12,
bodo,P17,11,outwards,13,
bodo,P17,12,inwards,15,
bodo,P17,13,outwards,16,
bodo,P17,14,inwards,18,
bodo,P17,15,outwards,11,
bodo,P17,16,inwards,21,
bodo,P17,17,outwards,22,
bodo,P17,18,inwards,23,
bodo,P17,19,outwards,23,
bodo,P17,20,inwards,28,
bodo,P17,21,outwards,30,
bodo,P17,22,inwards,NA,
bodo,P17,23,outwards,NA,
bodo,P17,24,inwards,28,
bodo,P17,25,outwards,22,
bodo,P17,26,inwards,24,
bodo,P17,27,outwards,NA,
bodo,P17,28,inwards,17,
bodo,P17,29,outwards,18,
bodo,P17,30,inwards,19,
bodo,P17,31,outwards,20,
bodo,P17,32,inwards,NA,
bodo,P17,33,outwards,NA,
bodo,P17,34,inwards,24,
bodo,P17,35,outwards,25,
bodo,P17,36,inwards,26,
bodo,P17,37,outwards,28,
bodo,P17,38,inwards,1,
bodo,P17,39,outwards,2,
bodo,P17,40,inwards,5,
bodo,P17,41,outwards,7,
bodo,P17,42,inwards,8,
bodo,P17,43,outwards,6,
bodo,P17,44,inwards,20,
bodo,P17,45,outwards,2,
bodo,P17,46,inwards,22,
bodo,P17,47,outwards,23,
bodo,P17,48,inwards,18,
bodo,P17,49,outwards,19,
bodo,P17,50,inwards,11,
bodo,P17,51,outwards,23,
bodo,P17,52,inwards,24,
bodo,P17,53,outwards,25,
bodo,P17,54,inwards,26,
bodo,P17,55,outwards,28,
bodo,P17,56,inwards,29,
bodo,P17,57,outwards,30,
bodo,P17,58,inwards,2,
bodo,P17,59,outwards,4,
bodo,P17,60,inwards,6,
bodo,P17,61,outwards,8,
bodo,P17,62,inwards,10,
bodo,P17,63,outwards,12,
bodo,P17,64,inwards,1,
bodo,P17,65,outwards,3,
bodo,P17,66,inwards,5,
bodo,P17,67,outwards,7,
bodo,P17,68,inwards,9,
bodo,P17,69,outwards,11,
bodo,P17,70,inwards,1,
bodo,P17,71,outwards,3,
bodo,P17,72,inwards,12,
bodo,P17,73,outwards,21,
bodo,P17,74,inwards,23,
bodo,P17,75,outwards,24,
bodo,P17,76,inwards,27,
bodo,P17,77,outwards,29,
bodo,P17,78,inwards,20,
bodo,P17,79,outwards,22,
bodo,P17,80,inwards,24,
bodo,P17,81,outwards,26,
bodo,P17,82,inwards,28,
bodo,P17,83,outwards,30,
bodo,P17,84,inwards,18,
bodo,P17,85,outwards,17,
bodo,P17,86,inwards,16,
bodo,P17,87,outwards,15,
bodo,P17,88,inwards,13,
bodo,P17,89,outwards,1,
bodo,P17,90,inwards,2,
bodo,P17,91,outwards,3,
bodo,P17,92,inwards,4,
bodo,P17,93,outwards,NA,
bodo,P17,94,inwards,NA,
bodo,P17,95,outwards,NA,
bodo,P17,96,inwards,NA,
bodo,P17,97,outwards,NA,
bodo,P17,98,inwards,NA,
bodo,P17,99,outwards,NA,
bodo,P17,100,inwards,NA,
bodo,P18,1,outwards,4,
bodo,P18,2,inwards,6,
bodo,P18,3,outwards,10,
bodo,P18,4,inwards,11,
bodo,P18,5,outwards,1,
bodo,P18,6,inwards,12,
bodo,P18,7,outwards,13,
bodo,P18,8,inwards,20,
bodo,P18,9,outwards,21,
bodo,P18,10,inwards,23,
bodo,P18,11,outwards,24,
bodo,P18,12,inwards,28,
bodo,P18,13,outwards,29,
bodo,P18,14,inwards,13,
bodo,P18,15,outwards,10,
bodo,P18,16,inwards,11,
bodo,P18,17,outwards,12,
bodo,P18,18,inwards,1,
bodo,P18,19,outwards,2,
bodo,P18,20,inwards,3,
bodo,P18,21,outwards,4,
bodo,P18,22,inwards,5,
bodo,P18,23,outwards,8,
bodo,P18,24,inwards,10,
bodo,P18,25,outwards,11,
bodo,P18,26,inwards,12,
bodo,P18,27,outwards,13,
bodo,P18,28,inwards,14,
bodo,P18,29,outwards,15,
bodo,P18,30,inwards,16,
bodo,P18,31,outwards,1,
bodo,P18,32,inwards,2,
bodo,P18,33,outwards,3,
bodo,P18,34,inwards,4,
bodo,P18,35,outwards,10,
bodo,P18,36,inwards,11,
bodo,P18,37,outwards,13,
bodo,P18,38,inwards,12,
bodo,P18,39,outwards,4,
bodo,P18,40,inwards,1,
bodo,P18,41,outwards,20,
bodo,P18,42,inwards,30,
bodo,P18,43,outwards,4,
bodo,P18,44,inwards,2,
bodo,P18,45,outwards,3,
bodo,P18,46,inwards,1,
bodo,P18,47,outwards,5,
bodo,P18,48,inwards,6,
bodo,P18,49,outwards,7,
bodo,P18,50,inwards,8,
bodo,P18,51,outwards,9,
bodo,P18,52,inwards,10,
bodo,P18,53,outwards,11,
bodo,P18,54,inwards,12,
bodo,P18,55,outwards,13,
bodo,P18,56,inwards,14,
bodo,P18,57,outwards,15,
bodo,P18,58,inwards,16,
bodo,P18,59,outwards,17,
bodo,P18,60,inwards,18,
bodo,P18,61,outwards,1,
bodo,P18,62,inwards,2,
bodo,P18,63,outwards,3,
bodo,P18,64,inwards,4,
bodo,P18,65,outwards,5,
bodo,P18,66,inwards,6,
bodo,P18,67,outwards,17,
bodo,P18,68,inwards,18,
bodo,P18,69,outwards,19,
bodo,P18,70,inwards,20,
bodo,P18,71,outwards,21,
bodo,P18,72,inwards,23,
bodo,P18,73,outwards,26,
bodo,P18,74,inwards,28,
bodo,P18,75,outwards,13,
bodo,P18,76,inwards,1,
bodo,P18,77,outwards,NA,yuhan: can you double check P18 the end
bodo,P18,78,inwards,NA,
bodo,P18,79,outwards,NA,
bodo,P18,80,inwards,NA,
bodo,P18,81,outwards,NA,
bodo,P18,82,inwards,NA,
bodo,P18,83,outwards,NA,
bodo,P18,84,inwards,NA,
bodo,P18,85,outwards,NA,
bodo,P18,86,inwards,NA,
bodo,P18,87,outwards,NA,
bodo,P18,88,inwards,NA,
bodo,P18,89,outwards,NA,
bodo,P18,90,inwards,NA,
bodo,P18,91,outwards,NA,
bodo,P18,92,inwards,NA,
bodo,P18,93,outwards,NA,
bodo,P18,94,inwards,NA,
bodo,P18,95,outwards,NA,
bodo,P18,96,inwards,NA,
bodo,P18,97,outwards,NA,
bodo,P18,98,inwards,NA,
bodo,P18,99,outwards,NA,
bodo,P18,100,inwards,NA,
bodo,P19,1,outwards,28,
bodo,P19,2,inwards,2,
bodo,P19,3,outwards,16,
bodo,P19,4,inwards,8,
bodo,P19,5,outwards,29,
bodo,P19,6,inwards,4,
bodo,P19,7,outwards,15,
bodo,P19,8,inwards,30,
bodo,P19,9,outwards,5,
bodo,P19,10,inwards,1,
bodo,P19,11,outwards,27,
bodo,P19,12,inwards,15,
bodo,P19,13,outwards,30,
bodo,P19,14,inwards,12,
bodo,P19,15,outwards,10,
bodo,P19,16,inwards,5,
bodo,P19,17,outwards,20,
bodo,P19,18,inwards,10,
bodo,P19,19,outwards,30,
bodo,P19,20,inwards,11,
bodo,P19,21,outwards,22,
bodo,P19,22,inwards,7,
bodo,P19,23,outwards,21,
bodo,P19,24,inwards,8,
bodo,P19,25,outwards,30,
bodo,P19,26,inwards,10,
bodo,P19,27,outwards,24,
bodo,P19,28,inwards,8,
bodo,P19,29,outwards,21,
bodo,P19,30,inwards,8,
bodo,P19,31,outwards,15,
bodo,P19,32,inwards,3,
bodo,P19,33,outwards,17,
bodo,P19,34,inwards,4,
bodo,P19,35,outwards,25,
bodo,P19,36,inwards,1,
bodo,P19,37,outwards,30,
bodo,P19,38,inwards,2,
bodo,P19,39,outwards,15,
bodo,P19,40,inwards,4,
bodo,P19,41,outwards,7,
bodo,P19,42,inwards,6,
bodo,P19,43,outwards,11,
bodo,P19,44,inwards,1,
bodo,P19,45,outwards,7,
bodo,P19,46,inwards,3,
bodo,P19,47,outwards,30,
bodo,P19,48,inwards,28,
bodo,P19,49,outwards,11,
bodo,P19,50,inwards,2,
bodo,P19,51,outwards,14,
bodo,P19,52,inwards,7,
bodo,P19,53,outwards,15,
bodo,P19,54,inwards,6,
bodo,P19,55,outwards,30,
bodo,P19,56,inwards,1,
bodo,P19,57,outwards,14,
bodo,P19,58,inwards,7,
bodo,P19,59,outwards,6,
bodo,P19,60,inwards,3,
bodo,P19,61,outwards,2,
bodo,P19,62,inwards,1,
bodo,P19,63,outwards,18,
bodo,P19,64,inwards,9,
bodo,P19,65,outwards,17,
bodo,P19,66,inwards,7,
bodo,P19,67,outwards,16,
bodo,P19,68,inwards,4,
bodo,P19,69,outwards,11,
bodo,P19,70,inwards,7,
bodo,P19,71,outwards,5,
bodo,P19,72,inwards,2,
bodo,P19,73,outwards,23,
bodo,P19,74,inwards,13,
bodo,P19,75,outwards,18,
bodo,P19,76,inwards,8,
bodo,P19,77,outwards,6,
bodo,P19,78,inwards,3,
bodo,P19,79,outwards,14,
bodo,P19,80,inwards,7,
bodo,P19,81,outwards,19,
bodo,P19,82,inwards,NA,
bodo,P19,83,outwards,NA,
bodo,P19,84,inwards,NA,
bodo,P19,85,outwards,NA,
bodo,P19,86,inwards,NA,
bodo,P19,87,outwards,NA,
bodo,P19,88,inwards,NA,
bodo,P19,89,outwards,NA,
bodo,P19,90,inwards,NA,
bodo,P19,91,outwards,NA,
bodo,P19,92,inwards,NA,
bodo,P19,93,outwards,NA,
bodo,P19,94,inwards,NA,
bodo,P19,95,outwards,NA,
bodo,P19,96,inwards,NA,
bodo,P19,97,outwards,NA,
bodo,P19,98,inwards,NA,
bodo,P19,99,outwards,NA,
bodo,P19,100,inwards,NA,
bodo,P20,1,outwards,20,
bodo,P20,2,inwards,NA,
bodo,P20,3,outwards,30,
bodo,P20,4,inwards,15,
bodo,P20,5,outwards,16,
bodo,P20,6,inwards,18,
bodo,P20,7,outwards,20,
bodo,P20,8,inwards,18,
bodo,P20,9,outwards,1,
bodo,P20,10,inwards,3,
bodo,P20,11,outwards,6,
bodo,P20,12,inwards,12,
bodo,P20,13,outwards,9,
bodo,P20,14,inwards,7,yuhan: some scribbles here that I don't understand
bodo,P20,15,outwards,15,
bodo,P20,16,inwards,20,
bodo,P20,17,outwards,NA,
bodo,P20,18,inwards,NA,
bodo,P20,19,outwards,15,
bodo,P20,20,inwards,10,
bodo,P20,21,outwards,12,
bodo,P20,22,inwards,5,
bodo,P20,23,outwards,6,
bodo,P20,24,inwards,5,
bodo,P20,25,outwards,15,
bodo,P20,26,inwards,20,
bodo,P20,27,outwards,30,
bodo,P20,28,inwards,15,
bodo,P20,29,outwards,7,
bodo,P20,30,inwards,1,
bodo,P20,31,outwards,2,
bodo,P20,32,inwards,10,
bodo,P20,33,outwards,5,
bodo,P20,34,inwards,15,
bodo,P20,35,outwards,28,
bodo,P20,36,inwards,30,
bodo,P20,37,outwards,29,
bodo,P20,38,inwards,15,
bodo,P20,39,outwards,11,
bodo,P20,40,inwards,NA,
bodo,P20,41,outwards,NA,
bodo,P20,42,inwards,16,
bodo,P20,43,outwards,5,
bodo,P20,44,inwards,10,
bodo,P20,45,outwards,8,
bodo,P20,46,inwards,9,
bodo,P20,47,outwards,NA,yuhan: cannot read this one at all
bodo,P20,48,inwards,15,
bodo,P20,49,outwards,NA,
bodo,P20,50,inwards,16,
bodo,P20,51,outwards,20,
bodo,P20,52,inwards,25,
bodo,P20,53,outwards,23,
bodo,P20,54,inwards,24,
bodo,P20,55,outwards,5,
bodo,P20,56,inwards,7,
bodo,P20,57,outwards,10,
bodo,P20,58,inwards,16,
bodo,P20,59,outwards,20,
bodo,P20,60,inwards,23,
bodo,P20,61,outwards,26,
bodo,P20,62,inwards,10,
bodo,P20,63,outwards,5,
bodo,P20,64,inwards,NA,
bodo,P20,65,outwards,NA,
bodo,P20,66,inwards,10,
bodo,P20,67,outwards,20,
bodo,P20,68,inwards,NA,
bodo,P20,69,outwards,30,
bodo,P20,70,inwards,25,
bodo,P20,71,outwards,20,
bodo,P20,72,inwards,10,
bodo,P20,73,outwards,9,
bodo,P20,74,inwards,5,
bodo,P20,75,outwards,20,
bodo,P20,76,inwards,10,
bodo,P20,77,outwards,25,
bodo,P20,78,inwards,1,
bodo,P20,79,outwards,3,
bodo,P20,80,inwards,7,
bodo,P20,81,outwards,9,
bodo,P20,82,inwards,25,
bodo,P20,83,outwards,28,
bodo,P20,84,inwards,30,
bodo,P20,85,outwards,13,
bodo,P20,86,inwards,10,
bodo,P20,87,outwards,2,
bodo,P20,88,inwards,5,
bodo,P20,89,outwards,7,
bodo,P20,90,inwards,10,
bodo,P20,91,outwards,8,
bodo,P20,92,inwards,15,
bodo,P20,93,outwards,20,
bodo,P20,94,inwards,1,
bodo,P20,95,outwards,10,
bodo,P20,96,inwards,4,
bodo,P20,97,outwards,6,
bodo,P20,98,inwards,NA,
bodo,P20,99,outwards,NA,two more here that are outside of the box
bodo,P20,100,inwards,NA,
bodo,P21,1,outwards,13,
bodo,P21,2,inwards,2,
bodo,P21,3,outwards,5,
bodo,P21,4,inwards,11,
bodo,P21,5,outwards,22,
bodo,P21,6,inwards,23,
bodo,P21,7,outwards,17,
bodo,P21,8,inwards,27,
bodo,P21,9,outwards,9,
bodo,P21,10,inwards,12,
bodo,P21,11,outwards,3,
bodo,P21,12,inwards,19,
bodo,P21,13,outwards,15,
bodo,P21,14,inwards,23,
bodo,P21,15,outwards,29,
bodo,P21,16,inwards,7,
bodo,P21,17,outwards,2,
bodo,P21,18,inwards,11,"yuhan's handwriting: cannot read it here, but I presume it's 11?"
bodo,P21,19,outwards,17,
bodo,P21,20,inwards,25,
bodo,P21,21,outwards,16,
bodo,P21,22,inwards,12,
bodo,P21,23,outwards,20,
bodo,P21,24,inwards,30,
bodo,P21,25,outwards,10,
bodo,P21,26,inwards,1,
bodo,P21,27,outwards,15,
bodo,P21,28,inwards,19,
bodo,P21,29,outwards,8,
bodo,P21,30,inwards,23,
bodo,P21,31,outwards,18,
bodo,P21,32,inwards,20,
bodo,P21,33,outwards,13,
bodo,P21,34,inwards,15,
bodo,P21,35,outwards,4,
bodo,P21,36,inwards,21,
bodo,P21,37,outwards,14,
bodo,P21,38,inwards,18,
bodo,P21,39,outwards,29,
bodo,P21,40,inwards,26,
bodo,P21,41,outwards,23,
bodo,P21,42,inwards,12,
bodo,P21,43,outwards,2,
bodo,P21,44,inwards,5,
bodo,P21,45,outwards,6,
bodo,P21,46,inwards,5,
bodo,P21,47,outwards,19,
bodo,P21,48,inwards,3,
bodo,P21,49,outwards,15,
bodo,P21,50,inwards,17,
bodo,P21,51,outwards,21,
bodo,P21,52,inwards,23,
bodo,P21,53,outwards,19,
bodo,P21,54,inwards,18,
bodo,P21,55,outwards,28,
bodo,P21,56,inwards,2,
bodo,P21,57,outwards,7,
bodo,P21,58,inwards,8,
bodo,P21,59,outwards,5,
bodo,P21,60,inwards,13,
bodo,P21,61,outwards,19,
bodo,P21,62,inwards,1,
bodo,P21,63,outwards,3,
bodo,P21,64,inwards,5,
bodo,P21,65,outwards,11,
bodo,P21,66,inwards,19,
bodo,P21,67,outwards,25,
bodo,P21,68,inwards,29,
bodo,P21,69,outwards,22,
bodo,P21,70,inwards,12,
bodo,P21,71,outwards,3,
bodo,P21,72,inwards,5,
bodo,P21,73,outwards,19,
bodo,P21,74,inwards,14,
bodo,P21,75,outwards,25,
bodo,P21,76,inwards,30,
bodo,P21,77,outwards,13,
bodo,P21,78,inwards,19,
bodo,P21,79,outwards,4,
bodo,P21,80,inwards,5,
bodo,P21,81,outwards,26,
bodo,P21,82,inwards,NA,
bodo,P21,83,outwards,NA,
bodo,P21,84,inwards,NA,
bodo,P21,85,outwards,NA,
bodo,P21,86,inwards,NA,
bodo,P21,87,outwards,NA,
bodo,P21,88,inwards,NA,
bodo,P21,89,outwards,NA,
bodo,P21,90,inwards,NA,
bodo,P21,91,outwards,NA,
bodo,P21,92,inwards,NA,
bodo,P21,93,outwards,NA,
bodo,P21,94,inwards,NA,
bodo,P21,95,outwards,NA,
bodo,P21,96,inwards,NA,
bodo,P21,97,outwards,NA,
bodo,P21,98,inwards,NA,
bodo,P21,99,outwards,NA,
bodo,P21,100,inwards,NA,
bodo,P22,1,outwards,1,
bodo,P22,2,inwards,3,
bodo,P22,3,outwards,5,
bodo,P22,4,inwards,10,
bodo,P22,5,outwards,12,
bodo,P22,6,inwards,14,
bodo,P22,7,outwards,15,
bodo,P22,8,inwards,20,
bodo,P22,9,outwards,22,
bodo,P22,10,inwards,25,
bodo,P22,11,outwards,28,
bodo,P22,12,inwards,30,
bodo,P22,13,outwards,10,
bodo,P22,14,inwards,12,
bodo,P22,15,outwards,13,
bodo,P22,16,inwards,15,
bodo,P22,17,outwards,3,
bodo,P22,18,inwards,5,
bodo,P22,19,outwards,18,
bodo,P22,20,inwards,19,
bodo,P22,21,outwards,30,
bodo,P22,22,inwards,27,
bodo,P22,23,outwards,25,
bodo,P22,24,inwards,24,
bodo,P22,25,outwards,1,
bodo,P22,26,inwards,10,
bodo,P22,27,outwards,13,
bodo,P22,28,inwards,12,
bodo,P22,29,outwards,10,
bodo,P22,30,inwards,20,
bodo,P22,31,outwards,22,
bodo,P22,32,inwards,25,
bodo,P22,33,outwards,28,
bodo,P22,34,inwards,30,
bodo,P22,35,outwards,30,
bodo,P22,36,inwards,18,
bodo,P22,37,outwards,28,
bodo,P22,38,inwards,27,
bodo,P22,39,outwards,1,
bodo,P22,40,inwards,11,
bodo,P22,41,outwards,12,
bodo,P22,42,inwards,14,
bodo,P22,43,outwards,15,
bodo,P22,44,inwards,18,
bodo,P22,45,outwards,19,
bodo,P22,46,inwards,25,
bodo,P22,47,outwards,26,
bodo,P22,48,inwards,30,
bodo,P22,49,outwards,1,
bodo,P22,50,inwards,18,
bodo,P22,51,outwards,10,
bodo,P22,52,inwards,19,
bodo,P22,53,outwards,NA,
bodo,P22,54,inwards,NA,
bodo,P22,55,outwards,20,
bodo,P22,56,inwards,22,
bodo,P22,57,outwards,23,
bodo,P22,58,inwards,1,
bodo,P22,59,outwards,10,
bodo,P22,60,inwards,11,
bodo,P22,61,outwards,8,
bodo,P22,62,inwards,9,
bodo,P22,63,outwards,10,
bodo,P22,64,inwards,15,
bodo,P22,65,outwards,16,
bodo,P22,66,inwards,20,
bodo,P22,67,outwards,22,
bodo,P22,68,inwards,26,
bodo,P22,69,outwards,28,
bodo,P22,70,inwards,29,
bodo,P22,71,outwards,1,
bodo,P22,72,inwards,3,
bodo,P22,73,outwards,4,
bodo,P22,74,inwards,8,
bodo,P22,75,outwards,9,
bodo,P22,76,inwards,10,
bodo,P22,77,outwards,12,
bodo,P22,78,inwards,13,
bodo,P22,79,outwards,20,
bodo,P22,80,inwards,22,
bodo,P22,81,outwards,23,
bodo,P22,82,inwards,28,
bodo,P22,83,outwards,20,
bodo,P22,84,inwards,30,
bodo,P22,85,outwards,1,
bodo,P22,86,inwards,NA,
bodo,P22,87,outwards,NA,
bodo,P22,88,inwards,NA,
bodo,P22,89,outwards,NA,
bodo,P22,90,inwards,NA,
bodo,P22,91,outwards,NA,
bodo,P22,92,inwards,NA,
bodo,P22,93,outwards,NA,
bodo,P22,94,inwards,NA,
bodo,P22,95,outwards,NA,
bodo,P22,96,inwards,NA,
bodo,P22,97,outwards,NA,
bodo,P22,98,inwards,NA,
bodo,P22,99,outwards,NA,
bodo,P22,100,inwards,NA,
bodo,P23,1,outwards,7,
bodo,P23,2,inwards,15,
bodo,P23,3,outwards,22,
bodo,P23,4,inwards,18,
bodo,P23,5,outwards,30,
bodo,P23,6,inwards,29,
bodo,P23,7,outwards,21,
bodo,P23,8,inwards,10,
bodo,P23,9,outwards,9,
bodo,P23,10,inwards,2,
bodo,P23,11,outwards,18,
bodo,P23,12,inwards,15,
bodo,P23,13,outwards,14,
bodo,P23,14,inwards,8,
bodo,P23,15,outwards,11,
bodo,P23,16,inwards,23,
bodo,P23,17,outwards,25,
bodo,P23,18,inwards,27,
bodo,P23,19,outwards,26,
bodo,P23,20,inwards,12,
bodo,P23,21,outwards,13,
bodo,P23,22,inwards,17,
bodo,P23,23,outwards,19,
bodo,P23,24,inwards,3,
bodo,P23,25,outwards,5,
bodo,P23,26,inwards,6,
bodo,P23,27,outwards,15,
bodo,P23,28,inwards,16,
bodo,P23,29,outwards,21,
bodo,P23,30,inwards,22,
bodo,P23,31,outwards,29,
bodo,P23,32,inwards,30,
bodo,P23,33,outwards,14,
bodo,P23,34,inwards,28,
bodo,P23,35,outwards,27,
bodo,P23,36,inwards,7,
bodo,P23,37,outwards,3,
bodo,P23,38,inwards,5,
bodo,P23,39,outwards,23,
bodo,P23,40,inwards,26,
bodo,P23,41,outwards,17,
bodo,P23,42,inwards,19,
bodo,P23,43,outwards,21,
bodo,P23,44,inwards,23,
bodo,P23,45,outwards,15,
bodo,P23,46,inwards,19,
bodo,P23,47,outwards,11,
bodo,P23,48,inwards,10,
bodo,P23,49,outwards,7,
bodo,P23,50,inwards,5,
bodo,P23,51,outwards,2,
bodo,P23,52,inwards,6,
bodo,P23,53,outwards,8,
bodo,P23,54,inwards,15,
bodo,P23,55,outwards,16,
bodo,P23,56,inwards,23,
bodo,P23,57,outwards,25,
bodo,P23,58,inwards,24,
bodo,P23,59,outwards,20,
bodo,P23,60,inwards,11,
bodo,P23,61,outwards,15,
bodo,P23,62,inwards,17,
bodo,P23,63,outwards,3,
bodo,P23,64,inwards,1,
bodo,P23,65,outwards,30,
bodo,P23,66,inwards,25,
bodo,P23,67,outwards,24,
bodo,P23,68,inwards,22,
bodo,P23,69,outwards,26,
bodo,P23,70,inwards,20,
bodo,P23,71,outwards,7,
bodo,P23,72,inwards,3,
bodo,P23,73,outwards,1,
bodo,P23,74,inwards,16,
bodo,P23,75,outwards,19,
bodo,P23,76,inwards,27,
bodo,P23,77,outwards,30,
bodo,P23,78,inwards,1,
bodo,P23,79,outwards,2,
bodo,P23,80,inwards,8,
bodo,P23,81,outwards,11,
bodo,P23,82,inwards,NA,
bodo,P23,83,outwards,NA,
bodo,P23,84,inwards,NA,
bodo,P23,85,outwards,NA,
bodo,P23,86,inwards,NA,
bodo,P23,87,outwards,NA,
bodo,P23,88,inwards,NA,
bodo,P23,89,outwards,NA,
bodo,P23,90,inwards,NA,
bodo,P23,91,outwards,NA,
bodo,P23,92,inwards,NA,
bodo,P23,93,outwards,NA,
bodo,P23,94,inwards,NA,
bodo,P23,95,outwards,NA,
bodo,P23,96,inwards,NA,
bodo,P23,97,outwards,NA,
bodo,P23,98,inwards,NA,
bodo,P23,99,outwards,NA,
bodo,P23,100,inwards,NA,
bodo,P24,1,outwards,2,
bodo,P24,2,inwards,27,
bodo,P24,3,outwards,28,
bodo,P24,4,inwards,17,
bodo,P24,5,outwards,13,
bodo,P24,6,inwards,4,
bodo,P24,7,outwards,6,
bodo,P24,8,inwards,14,
bodo,P24,9,outwards,8,
bodo,P24,10,inwards,22,
bodo,P24,11,outwards,13,
bodo,P24,12,inwards,16,
bodo,P24,13,outwards,30,
bodo,P24,14,inwards,27,
bodo,P24,15,outwards,4,
bodo,P24,16,inwards,NA,
bodo,P24,17,outwards,NA,
bodo,P24,18,inwards,8,
bodo,P24,19,outwards,7,
bodo,P24,20,inwards,4,
bodo,P24,21,outwards,3,
bodo,P24,22,inwards,4,
bodo,P24,23,outwards,1,
bodo,P24,24,inwards,7,
bodo,P24,25,outwards,8,
bodo,P24,26,inwards,4,
bodo,P24,27,outwards,14,
bodo,P24,28,inwards,NA,
bodo,P24,29,outwards,NA,
bodo,P24,30,inwards,1,
bodo,P24,31,outwards,8,
bodo,P24,32,inwards,7,
bodo,P24,33,outwards,17,
bodo,P24,34,inwards,12,
bodo,P24,35,outwards,1,
bodo,P24,36,inwards,NA,
bodo,P24,37,outwards,NA,
bodo,P24,38,inwards,8,
bodo,P24,39,outwards,17,
bodo,P24,40,inwards,21,
bodo,P24,41,outwards,28,
bodo,P24,42,inwards,17,
bodo,P24,43,outwards,18,
bodo,P24,44,inwards,NA,
bodo,P24,45,outwards,NA,
bodo,P24,46,inwards,1,
bodo,P24,47,outwards,2,
bodo,P24,48,inwards,13,
bodo,P24,49,outwards,NA,
bodo,P24,50,inwards,NA,
bodo,P24,51,outwards,17,
bodo,P24,52,inwards,20,
bodo,P24,53,outwards,NA,
bodo,P24,54,inwards,NA,
bodo,P24,55,outwards,16,
bodo,P24,56,inwards,1,
bodo,P24,57,outwards,3,
bodo,P24,58,inwards,17,
bodo,P24,59,outwards,20,
bodo,P24,60,inwards,21,
bodo,P24,61,outwards,NA,
bodo,P24,62,inwards,NA,
bodo,P24,63,outwards,22,
bodo,P24,64,inwards,23,
bodo,P24,65,outwards,14,
bodo,P24,66,inwards,11,
bodo,P24,67,outwards,12,
bodo,P24,68,inwards,NA,
bodo,P24,69,outwards,NA,
bodo,P24,70,inwards,8,
bodo,P24,71,outwards,7,
bodo,P24,72,inwards,9,
bodo,P24,73,outwards,22,
bodo,P24,74,inwards,23,
bodo,P24,75,outwards,24,
bodo,P24,76,inwards,22,
bodo,P24,77,outwards,3,
bodo,P24,78,inwards,5,
bodo,P24,79,outwards,6,
bodo,P24,80,inwards,7,
bodo,P24,81,outwards,6,
bodo,P24,82,inwards,3,
bodo,P24,83,outwards,11,
bodo,P24,84,inwards,NA,
bodo,P24,85,outwards,NA,
bodo,P24,86,inwards,12,
bodo,P24,87,outwards,13,
bodo,P24,88,inwards,14,
bodo,P24,89,outwards,1,
bodo,P24,90,inwards,30,
bodo,P24,91,outwards,22,
bodo,P24,92,inwards,27,
bodo,P24,93,outwards,28,
bodo,P24,94,inwards,29,
bodo,P24,95,outwards,6,
bodo,P24,96,inwards,5,
bodo,P24,97,outwards,4,
bodo,P24,98,inwards,11,
bodo,P24,99,outwards,NA,rest is out of the box again
bodo,P24,100,inwards,NA,
bodo,P25,1,outwards,1,
bodo,P25,2,inwards,19,
bodo,P25,3,outwards,18,
bodo,P25,4,inwards,17,
bodo,P25,5,outwards,21,
bodo,P25,6,inwards,30,
bodo,P25,7,outwards,25,
bodo,P25,8,inwards,26,
bodo,P25,9,outwards,22,
bodo,P25,10,inwards,2,
bodo,P25,11,outwards,9,
bodo,P25,12,inwards,6,
bodo,P25,13,outwards,4,
bodo,P25,14,inwards,11,
bodo,P25,15,outwards,13,
bodo,P25,16,inwards,16,
bodo,P25,17,outwards,20,
bodo,P25,18,inwards,29,
bodo,P25,19,outwards,27,
bodo,P25,20,inwards,24,
bodo,P25,21,outwards,18,
bodo,P25,22,inwards,17,
bodo,P25,23,outwards,13,
bodo,P25,24,inwards,8,
bodo,P25,25,outwards,3,
bodo,P25,26,inwards,4,
bodo,P25,27,outwards,9,
bodo,P25,28,inwards,21,
bodo,P25,29,outwards,7,
bodo,P25,30,inwards,4,
bodo,P25,31,outwards,1,
bodo,P25,32,inwards,11,
bodo,P25,33,outwards,29,
bodo,P25,34,inwards,22,
bodo,P25,35,outwards,24,
bodo,P25,36,inwards,19,
bodo,P25,37,outwards,17,
bodo,P25,38,inwards,14,
bodo,P25,39,outwards,12,
bodo,P25,40,inwards,2,
bodo,P25,41,outwards,8,
bodo,P25,42,inwards,13,
bodo,P25,43,outwards,22,
bodo,P25,44,inwards,28,
bodo,P25,45,outwards,24,
bodo,P25,46,inwards,27,
bodo,P25,47,outwards,25,
bodo,P25,48,inwards,14,
bodo,P25,49,outwards,9,
bodo,P25,50,inwards,4,
bodo,P25,51,outwards,1,
bodo,P25,52,inwards,18,
bodo,P25,53,outwards,19,
bodo,P25,54,inwards,21,
bodo,P25,55,outwards,29,
bodo,P25,56,inwards,30,
bodo,P25,57,outwards,31,oops
bodo,P25,58,inwards,1,
bodo,P25,59,outwards,7,
bodo,P25,60,inwards,9,
bodo,P25,61,outwards,13,
bodo,P25,62,inwards,17,
bodo,P25,63,outwards,19,
bodo,P25,64,inwards,4,
bodo,P25,65,outwards,12,
bodo,P25,66,inwards,20,
bodo,P25,67,outwards,29,
bodo,P25,68,inwards,24,
bodo,P25,69,outwards,13,
bodo,P25,70,inwards,12,
bodo,P25,71,outwards,1,
bodo,P25,72,inwards,4,
bodo,P25,73,outwards,6,
bodo,P25,74,inwards,9,
bodo,P25,75,outwards,3,
bodo,P25,76,inwards,5,
bodo,P25,77,outwards,25,
bodo,P25,78,inwards,14,
bodo,P25,79,outwards,29,
bodo,P25,80,inwards,20,
bodo,P25,81,outwards,24,
bodo,P25,82,inwards,NA,
bodo,P25,83,outwards,NA,
bodo,P25,84,inwards,NA,
bodo,P25,85,outwards,NA,
bodo,P25,86,inwards,NA,
bodo,P25,87,outwards,NA,
bodo,P25,88,inwards,NA,
bodo,P25,89,outwards,NA,
bodo,P25,90,inwards,NA,
bodo,P25,91,outwards,NA,
bodo,P25,92,inwards,NA,
bodo,P25,93,outwards,NA,
bodo,P25,94,inwards,NA,
bodo,P25,95,outwards,NA,
bodo,P25,96,inwards,NA,
bodo,P25,97,outwards,NA,
bodo,P25,98,inwards,NA,
bodo,P25,99,outwards,NA,
bodo,P25,100,inwards,NA,
bodo,P26,1,outwards,16,
bodo,P26,2,inwards,27,
bodo,P26,3,outwards,2,
bodo,P26,4,inwards,6,
bodo,P26,5,outwards,22,
bodo,P26,6,inwards,30,
bodo,P26,7,outwards,7,
bodo,P26,8,inwards,8,
bodo,P26,9,outwards,16,
bodo,P26,10,inwards,13,
bodo,P26,11,outwards,12,
bodo,P26,12,inwards,8,
bodo,P26,13,outwards,6,
bodo,P26,14,inwards,7,
bodo,P26,15,outwards,30,
bodo,P26,16,inwards,1,
bodo,P26,17,outwards,12,
bodo,P26,18,inwards,16,
bodo,P26,19,outwards,18,
bodo,P26,20,inwards,22,
bodo,P26,21,outwards,27,
bodo,P26,22,inwards,26,
bodo,P26,23,outwards,7,
bodo,P26,24,inwards,8,
bodo,P26,25,outwards,10,
bodo,P26,26,inwards,20,
bodo,P26,27,outwards,30,
bodo,P26,28,inwards,2,
bodo,P26,29,outwards,7,
bodo,P26,30,inwards,16,
bodo,P26,31,outwards,23,
bodo,P26,32,inwards,7,
bodo,P26,33,outwards,16,
bodo,P26,34,inwards,NA,
bodo,P26,35,outwards,NA,
bodo,P26,36,inwards,7,
bodo,P26,37,outwards,16,
bodo,P26,38,inwards,30,
bodo,P26,39,outwards,23,
bodo,P26,40,inwards,26,
bodo,P26,41,outwards,27,
bodo,P26,42,inwards,13,
bodo,P26,43,outwards,8,
bodo,P26,44,inwards,2,
bodo,P26,45,outwards,NA,
bodo,P26,46,inwards,NA,
bodo,P26,47,outwards,16,
bodo,P26,48,inwards,8,
bodo,P26,49,outwards,3,
bodo,P26,50,inwards,7,
bodo,P26,51,outwards,26,
bodo,P26,52,inwards,28,
bodo,P26,53,outwards,16,
bodo,P26,54,inwards,17,
bodo,P26,55,outwards,18,
bodo,P26,56,inwards,20,
bodo,P26,57,outwards,9,
bodo,P26,58,inwards,27,
bodo,P26,59,outwards,26,
bodo,P26,60,inwards,NA,
bodo,P26,61,outwards,NA,
bodo,P26,62,inwards,1,
bodo,P26,63,outwards,3,
bodo,P26,64,inwards,7,
bodo,P26,65,outwards,16,
bodo,P26,66,inwards,30,
bodo,P26,67,outwards,26,
bodo,P26,68,inwards,16,
bodo,P26,69,outwards,12,
bodo,P26,70,inwards,8,
bodo,P26,71,outwards,3,
bodo,P26,72,inwards,2,
bodo,P26,73,outwards,13,
bodo,P26,74,inwards,12,
bodo,P26,75,outwards,7,
bodo,P26,76,inwards,NA,
bodo,P26,77,outwards,NA,
bodo,P26,78,inwards,7,
bodo,P26,79,outwards,16,
bodo,P26,80,inwards,20,
bodo,P26,81,outwards,30,
bodo,P26,82,inwards,1,
bodo,P26,83,outwards,5,
bodo,P26,84,inwards,10,
bodo,P26,85,outwards,16,
bodo,P26,86,inwards,18,
bodo,P26,87,outwards,20,
bodo,P26,88,inwards,30,
bodo,P26,89,outwards,1,
bodo,P26,90,inwards,3,
bodo,P26,91,outwards,7,
bodo,P26,92,inwards,9,
bodo,P26,93,outwards,12,
bodo,P26,94,inwards,16,
bodo,P26,95,outwards,30,
bodo,P26,96,inwards,28,
bodo,P26,97,outwards,20,
bodo,P26,98,inwards,16,
bodo,P26,99,outwards,NA,
bodo,P26,100,inwards,NA,
bodo,P27,1,outwards,12,
bodo,P27,2,inwards,10,
bodo,P27,3,outwards,16,
bodo,P27,4,inwards,27,
bodo,P27,5,outwards,28,
bodo,P27,6,inwards,6,
bodo,P27,7,outwards,21,
bodo,P27,8,inwards,11,
bodo,P27,9,outwards,5,
bodo,P27,10,inwards,7,
bodo,P27,11,outwards,3,
bodo,P27,12,inwards,1,
bodo,P27,13,outwards,16,
bodo,P27,14,inwards,20,
bodo,P27,15,outwards,19,
bodo,P27,16,inwards,17,
bodo,P27,17,outwards,12,
bodo,P27,18,inwards,5,
bodo,P27,19,outwards,6,
bodo,P27,20,inwards,4,
bodo,P27,21,outwards,2,
bodo,P27,22,inwards,22,
bodo,P27,23,outwards,25,
bodo,P27,24,inwards,26,
bodo,P27,25,outwards,29,
bodo,P27,26,inwards,NA,
bodo,P27,27,outwards,19,
bodo,P27,28,inwards,15,
bodo,P27,29,outwards,9,
bodo,P27,30,inwards,4,
bodo,P27,31,outwards,2,
bodo,P27,32,inwards,24,yuhan's handwriting: not sure if this is 24?
bodo,P27,33,outwards,23,
bodo,P27,34,inwards,NA,
bodo,P27,35,outwards,NA,
bodo,P27,36,inwards,12,
bodo,P27,37,outwards,10,
bodo,P27,38,inwards,9,
bodo,P27,39,outwards,1,
bodo,P27,40,inwards,7,
bodo,P27,41,outwards,15,
bodo,P27,42,inwards,18,
bodo,P27,43,outwards,19,
bodo,P27,44,inwards,15,
bodo,P27,45,outwards,13,
bodo,P27,46,inwards,21,
bodo,P27,47,outwards,20,
bodo,P27,48,inwards,24,
bodo,P27,49,outwards,22,
bodo,P27,50,inwards,30,
bodo,P27,51,outwards,2,
bodo,P27,52,inwards,10,
bodo,P27,53,outwards,17,
bodo,P27,54,inwards,13,
bodo,P27,55,outwards,14,
bodo,P27,56,inwards,15,
bodo,P27,57,outwards,11,
bodo,P27,58,inwards,NA,
bodo,P27,59,outwards,4,
bodo,P27,60,inwards,5,
bodo,P27,61,outwards,6,
bodo,P27,62,inwards,2,
bodo,P27,63,outwards,12,
bodo,P27,64,inwards,16,
bodo,P27,65,outwards,15,
bodo,P27,66,inwards,14,
bodo,P27,67,outwards,10,
bodo,P27,68,inwards,NA,
bodo,P27,69,outwards,13,
bodo,P27,70,inwards,21,
bodo,P27,71,outwards,NA,
bodo,P27,72,inwards,22,
bodo,P27,73,outwards,24,
bodo,P27,74,inwards,27,
bodo,P27,75,outwards,28,
bodo,P27,76,inwards,29,
bodo,P27,77,outwards,30,
bodo,P27,78,inwards,NA,
bodo,P27,79,outwards,1,
bodo,P27,80,inwards,5,
bodo,P27,81,outwards,7,
bodo,P27,82,inwards,6,
bodo,P27,83,outwards,17,
bodo,P27,84,inwards,16,
bodo,P27,85,outwards,5,
bodo,P27,86,inwards,15,yuhan's handwriting: check if this is 15?
bodo,P27,87,outwards,25,
bodo,P27,88,inwards,26,
bodo,P27,89,outwards,6,
bodo,P27,90,inwards,3,
bodo,P27,91,outwards,23,
bodo,P27,92,inwards,13,
bodo,P27,93,outwards,2,
bodo,P27,94,inwards,12,
bodo,P27,95,outwards,1,
bodo,P27,96,inwards,11,
bodo,P27,97,outwards,21,
bodo,P27,98,inwards,2,
bodo,P27,99,outwards,NA,
bodo,P27,100,inwards,NA,
bodo,P28,1,outwards,2,
bodo,P28,2,inwards,8,
bodo,P28,3,outwards,17,
bodo,P28,4,inwards,23,
bodo,P28,5,outwards,29,
bodo,P28,6,inwards,30,
bodo,P28,7,outwards,5,
bodo,P28,8,inwards,7,
bodo,P28,9,outwards,13,
bodo,P28,10,inwards,18,
bodo,P28,11,outwards,16,
bodo,P28,12,inwards,22,
bodo,P28,13,outwards,28,
bodo,P28,14,inwards,1,
bodo,P28,15,outwards,7,
bodo,P28,16,inwards,12,
bodo,P28,17,outwards,19,
bodo,P28,18,inwards,20,
bodo,P28,19,outwards,10,
bodo,P28,20,inwards,4,
bodo,P28,21,outwards,6,
bodo,P28,22,inwards,16,
bodo,P28,23,outwards,17,
bodo,P28,24,inwards,11,
bodo,P28,25,outwards,22,
bodo,P28,26,inwards,26,
bodo,P28,27,outwards,28,
bodo,P28,28,inwards,30,
bodo,P28,29,outwards,9,
bodo,P28,30,inwards,8,
bodo,P28,31,outwards,13,
bodo,P28,32,inwards,19,
bodo,P28,33,outwards,12,
bodo,P28,34,inwards,2,
bodo,P28,35,outwards,3,
bodo,P28,36,inwards,7,
bodo,P28,37,outwards,24,
bodo,P28,38,inwards,23,
bodo,P28,39,outwards,26,
bodo,P28,40,inwards,20,
bodo,P28,41,outwards,18,
bodo,P28,42,inwards,10,
bodo,P28,43,outwards,2,
bodo,P28,44,inwards,8,
bodo,P28,45,outwards,14,
bodo,P28,46,inwards,17,
bodo,P28,47,outwards,16,
bodo,P28,48,inwards,7,
bodo,P28,49,outwards,19,
bodo,P28,50,inwards,28,
bodo,P28,51,outwards,11,
bodo,P28,52,inwards,27,
bodo,P28,53,outwards,7,
bodo,P28,54,inwards,14,
bodo,P28,55,outwards,15,
bodo,P28,56,inwards,25,
bodo,P28,57,outwards,30,
bodo,P28,58,inwards,17,
bodo,P28,59,outwards,12,
bodo,P28,60,inwards,3,
bodo,P28,61,outwards,7,
bodo,P28,62,inwards,5,
bodo,P28,63,outwards,17,
bodo,P28,64,inwards,23,
bodo,P28,65,outwards,27,
bodo,P28,66,inwards,1,
bodo,P28,67,outwards,11,
bodo,P28,68,inwards,20,
bodo,P28,69,outwards,29,
bodo,P28,70,inwards,30,
bodo,P28,71,outwards,10,
bodo,P28,72,inwards,17,
bodo,P28,73,outwards,19,
bodo,P28,74,inwards,7,
bodo,P28,75,outwards,8,
bodo,P28,76,inwards,14,
bodo,P28,77,outwards,12,
bodo,P28,78,inwards,20,
bodo,P28,79,outwards,27,
bodo,P28,80,inwards,23,
bodo,P28,81,outwards,15,
bodo,P28,82,inwards,NA,
bodo,P28,83,outwards,NA,
bodo,P28,84,inwards,NA,
bodo,P28,85,outwards,NA,
bodo,P28,86,inwards,NA,
bodo,P28,87,outwards,NA,
bodo,P28,88,inwards,NA,
bodo,P28,89,outwards,NA,
bodo,P28,90,inwards,NA,
bodo,P28,91,outwards,NA,
bodo,P28,92,inwards,NA,
bodo,P28,93,outwards,NA,
bodo,P28,94,inwards,NA,
bodo,P28,95,outwards,NA,
bodo,P28,96,inwards,NA,
bodo,P28,97,outwards,NA,
bodo,P28,98,inwards,NA,
bodo,P28,99,outwards,NA,
bodo,P28,100,inwards,NA,
bodo,P29,1,outwards,17,
bodo,P29,2,inwards,1,
bodo,P29,3,outwards,30,
bodo,P29,4,inwards,15,
bodo,P29,5,outwards,8,
bodo,P29,6,inwards,9,
bodo,P29,7,outwards,6,
bodo,P29,8,inwards,4,
bodo,P29,9,outwards,27,
bodo,P29,10,inwards,23,
bodo,P29,11,outwards,10,
bodo,P29,12,inwards,8,
bodo,P29,13,outwards,17,
bodo,P29,14,inwards,4,
bodo,P29,15,outwards,16,
bodo,P29,16,inwards,12,
bodo,P29,17,outwards,27,
bodo,P29,18,inwards,24,yuhan's handwriting: not sure if this is 24?
bodo,P29,19,outwards,11,
bodo,P29,20,inwards,3,
bodo,P29,21,outwards,1,
bodo,P29,22,inwards,9,
bodo,P29,23,outwards,8,
bodo,P29,24,inwards,14,
bodo,P29,25,outwards,12,
bodo,P29,26,inwards,NA,
bodo,P29,27,outwards,NA,
bodo,P29,28,inwards,NA,
bodo,P29,29,outwards,12,
bodo,P29,30,inwards,15,
bodo,P29,31,outwards,27,
bodo,P29,32,inwards,28,
bodo,P29,33,outwards,4,
bodo,P29,34,inwards,2,
bodo,P29,35,outwards,16,
bodo,P29,36,inwards,9,
bodo,P29,37,outwards,12,
bodo,P29,38,inwards,11,
bodo,P29,39,outwards,15,
bodo,P29,40,inwards,12,
bodo,P29,41,outwards,18,
bodo,P29,42,inwards,5,
bodo,P29,43,outwards,17,
bodo,P29,44,inwards,11,
bodo,P29,45,outwards,29,
bodo,P29,46,inwards,16,
bodo,P29,47,outwards,15,
bodo,P29,48,inwards,9,
bodo,P29,49,outwards,11,
bodo,P29,50,inwards,21,
bodo,P29,51,outwards,28,
bodo,P29,52,inwards,26,
bodo,P29,53,outwards,1,
bodo,P29,54,inwards,3,
bodo,P29,55,outwards,13,
bodo,P29,56,inwards,19,
bodo,P29,57,outwards,28,
bodo,P29,58,inwards,4,
bodo,P29,59,outwards,1,
bodo,P29,60,inwards,30,
bodo,P29,61,outwards,11,
bodo,P29,62,inwards,15,
bodo,P29,63,outwards,29,
bodo,P29,64,inwards,11,
bodo,P29,65,outwards,30,
bodo,P29,66,inwards,27,
bodo,P29,67,outwards,25,
bodo,P29,68,inwards,2,
bodo,P29,69,outwards,8,
bodo,P29,70,inwards,12,
bodo,P29,71,outwards,30,
bodo,P29,72,inwards,15,
bodo,P29,73,outwards,6,
bodo,P29,74,inwards,9,
bodo,P29,75,outwards,1,
bodo,P29,76,inwards,12,
bodo,P29,77,outwards,18,
bodo,P29,78,inwards,21,
bodo,P29,79,outwards,25,
bodo,P29,80,inwards,3,
bodo,P29,81,outwards,17,
bodo,P29,82,inwards,19,
bodo,P29,83,outwards,11,
bodo,P29,84,inwards,27,
bodo,P29,85,outwards,25,
bodo,P29,86,inwards,22,
bodo,P29,87,outwards,21,
bodo,P29,88,inwards,1,
bodo,P29,89,outwards,19,
bodo,P29,90,inwards,NA,
bodo,P29,91,outwards,NA,
bodo,P29,92,inwards,NA,
bodo,P29,93,outwards,NA,
bodo,P29,94,inwards,NA,
bodo,P29,95,outwards,NA,
bodo,P29,96,inwards,NA,
bodo,P29,97,outwards,NA,
bodo,P29,98,inwards,NA,
bodo,P29,99,outwards,NA,
bodo,P29,100,inwards,NA,
bodo,P30,1,outwards,21,
bodo,P30,2,inwards,8,
bodo,P30,3,outwards,17,
bodo,P30,4,inwards,30,
bodo,P30,5,outwards,9,
bodo,P30,6,inwards,16,
bodo,P30,7,outwards,12,
bodo,P30,8,inwards,22,
bodo,P30,9,outwards,18,
bodo,P30,10,inwards,4,
bodo,P30,11,outwards,15,
bodo,P30,12,inwards,7,
bodo,P30,13,outwards,28,
bodo,P30,14,inwards,30,
bodo,P30,15,outwards,21,
bodo,P30,16,inwards,3,
bodo,P30,17,outwards,5,
bodo,P30,18,inwards,17,
bodo,P30,19,outwards,12,
bodo,P30,20,inwards,9,
bodo,P30,21,outwards,18,
bodo,P30,22,inwards,17,
bodo,P30,23,outwards,4,
bodo,P30,24,inwards,13,
bodo,P30,25,outwards,12,
bodo,P30,26,inwards,6,
bodo,P30,27,outwards,3,
bodo,P30,28,inwards,2,
bodo,P30,29,outwards,19,
bodo,P30,30,inwards,7,
bodo,P30,31,outwards,30,
bodo,P30,32,inwards,28,
bodo,P30,33,outwards,1,
bodo,P30,34,inwards,17,
bodo,P30,35,outwards,19,
bodo,P30,36,inwards,11,
bodo,P30,37,outwards,10,
bodo,P30,38,inwards,20,
bodo,P30,39,outwards,8,
bodo,P30,40,inwards,4,
bodo,P30,41,outwards,12,
bodo,P30,42,inwards,16,
bodo,P30,43,outwards,5,
bodo,P30,44,inwards,8,
bodo,P30,45,outwards,22,
bodo,P30,46,inwards,20,
bodo,P30,47,outwards,19,
bodo,P30,48,inwards,27,
bodo,P30,49,outwards,30,
bodo,P30,50,inwards,1,
bodo,P30,51,outwards,3,
bodo,P30,52,inwards,6,
bodo,P30,53,outwards,19,
bodo,P30,54,inwards,11,
bodo,P30,55,outwards,14,
bodo,P30,56,inwards,20,
bodo,P30,57,outwards,23,
bodo,P30,58,inwards,11,
bodo,P30,59,outwards,12,
bodo,P30,60,inwards,7,
bodo,P30,61,outwards,8,
bodo,P30,62,inwards,2,
bodo,P30,63,outwards,22,
bodo,P30,64,inwards,19,
bodo,P30,65,outwards,18,
bodo,P30,66,inwards,6,
bodo,P30,67,outwards,2,
bodo,P30,68,inwards,24,
bodo,P30,69,outwards,26,
bodo,P30,70,inwards,15,
bodo,P30,71,outwards,25,
bodo,P30,72,inwards,30,
bodo,P30,73,outwards,22,
bodo,P30,74,inwards,11,
bodo,P30,75,outwards,7,
bodo,P30,76,inwards,16,
bodo,P30,77,outwards,5,
bodo,P30,78,inwards,18,
bodo,P30,79,outwards,23,
bodo,P30,80,inwards,20,
bodo,P30,81,outwards,29,
bodo,P30,82,inwards,NA,
bodo,P30,83,outwards,NA,
bodo,P30,84,inwards,NA,
bodo,P30,85,outwards,NA,
bodo,P30,86,inwards,NA,
bodo,P30,87,outwards,NA,
bodo,P30,88,inwards,NA,
bodo,P30,89,outwards,NA,
bodo,P30,90,inwards,NA,
bodo,P30,91,outwards,NA,
bodo,P30,92,inwards,NA,
bodo,P30,93,outwards,NA,
bodo,P30,94,inwards,NA,
bodo,P30,95,outwards,NA,
bodo,P30,96,inwards,NA,
bodo,P30,97,outwards,NA,
bodo,P30,98,inwards,NA,
bodo,P30,99,outwards,NA,
bodo,P30,100,inwards,NA,
bodo,P31,1,outwards,21,
bodo,P31,2,inwards,12,
bodo,P31,3,outwards,18,
bodo,P31,4,inwards,4,
bodo,P31,5,outwards,17,
bodo,P31,6,inwards,13,
bodo,P31,7,outwards,8,
bodo,P31,8,inwards,2,
bodo,P31,9,outwards,7,
bodo,P31,10,inwards,5,
bodo,P31,11,outwards,1,
bodo,P31,12,inwards,9,
bodo,P31,13,outwards,18,
bodo,P31,14,inwards,21,
bodo,P31,15,outwards,13,
bodo,P31,16,inwards,15,
bodo,P31,17,outwards,16,
bodo,P31,18,inwards,13,
bodo,P31,19,outwards,2,
bodo,P31,20,inwards,9,
bodo,P31,21,outwards,5,
bodo,P31,22,inwards,12,
bodo,P31,23,outwards,16,
bodo,P31,24,inwards,14,
bodo,P31,25,outwards,1,
bodo,P31,26,inwards,8,
bodo,P31,27,outwards,9,
bodo,P31,28,inwards,6,
bodo,P31,29,outwards,14,
bodo,P31,30,inwards,19,
bodo,P31,31,outwards,12,
bodo,P31,32,inwards,7,
bodo,P31,33,outwards,8,"yuhan has the ""missed the beat"" here; can you just ensure that even if the beat was missed, this was still on the ""outwards""? (i.e., the thing is not out of sequence here)"
bodo,P31,34,inwards,5,
bodo,P31,35,outwards,4,
bodo,P31,36,inwards,7,
bodo,P31,37,outwards,6,
bodo,P31,38,inwards,14,
bodo,P31,39,outwards,18,
bodo,P31,40,inwards,13,
bodo,P31,41,outwards,7,
bodo,P31,42,inwards,3,
bodo,P31,43,outwards,8,
bodo,P31,44,inwards,25,
bodo,P31,45,outwards,28,
bodo,P31,46,inwards,29,
bodo,P31,47,outwards,14,
bodo,P31,48,inwards,17,
bodo,P31,49,outwards,13,
bodo,P31,50,inwards,9,
bodo,P31,51,outwards,3,
bodo,P31,52,inwards,2,
bodo,P31,53,outwards,15,
bodo,P31,54,inwards,14,
bodo,P31,55,outwards,12,
bodo,P31,56,inwards,6,
bodo,P31,57,outwards,2,
bodo,P31,58,inwards,11,
bodo,P31,59,outwards,9,
bodo,P31,60,inwards,18,
bodo,P31,61,outwards,6,
bodo,P31,62,inwards,21,
bodo,P31,63,outwards,28,
bodo,P31,64,inwards,15,
bodo,P31,65,outwards,13,
bodo,P31,66,inwards,7,
bodo,P31,67,outwards,5,
bodo,P31,68,inwards,15,
bodo,P31,69,outwards,29,
bodo,P31,70,inwards,1,
bodo,P31,71,outwards,3,
bodo,P31,72,inwards,18,
bodo,P31,73,outwards,9,
bodo,P31,74,inwards,20,yuhan's handwriting: is this a 20?
bodo,P31,75,outwards,6,
bodo,P31,76,inwards,19,
bodo,P31,77,outwards,15,
bodo,P31,78,inwards,24,
bodo,P31,79,outwards,6,
bodo,P31,80,inwards,20,
bodo,P31,81,outwards,5,
bodo,P31,82,inwards,13,
bodo,P31,83,outwards,17,
bodo,P31,84,inwards,2,
bodo,P31,85,outwards,5,
bodo,P31,86,inwards,15,
bodo,P31,87,outwards,22,yuhan's handwriting: is this a 22?
bodo,P31,88,inwards,21,
bodo,P31,89,outwards,27,
bodo,P31,90,inwards,14,
bodo,P31,91,outwards,5,
bodo,P31,92,inwards,8,
bodo,P31,93,outwards,9,
bodo,P31,94,inwards,6,
bodo,P31,95,outwards,1,
bodo,P31,96,inwards,10,
bodo,P31,97,outwards,11,
bodo,P31,98,inwards,15,
bodo,P31,99,outwards,NA,
bodo,P31,100,inwards,NA,