Participant ID,order,Movement,Number ,comments
P04,1,inwards,12,hard to think of numbers next
P04,2,outwards,23,
P04,3,inwards,24,
P04,4,outwards,11,
P04,5,inwards,10,
P04,6,outwards,4,
P04,7,inwards,8,
P04,8,outwards,7,
P04,9,inwards,23,
P04,10,outwards,27,
P04,11,inwards,28,
P04,12,outwards,19,
P04,13,inwards,12,
P04,14,outwards,10,
P04,15,inwards,4,
P04,16,outwards,30,
P04,17,inwards,29,
P04,18,outwards,21,
P04,19,inwards,11,
P04,20,outwards,12,
P04,21,inwards,14,
P04,22,outwards,15,
P04,23,inwards,20,
P04,24,outwards,23,
P04,25,inwards,26,
P04,26,outwards,30,
P04,27,inwards,2,
P04,28,outwards,4,
P04,29,inwards,10,
P04,30,outwards,30,
P04,31,inwards,23,
P04,32,outwards,26,
P04,33,inwards,12,
P04,34,outwards,14,
P04,35,inwards,15,
P04,36,outwards,20,
P04,37,inwards,11,
P04,38,outwards,9,
P04,39,inwards,4,
P04,40,outwards,8,
P04,41,inwards,7,
P04,42,outwards,2,
P04,43,inwards,3,
P04,44,outwards,23,
P04,45,inwards,28,
P04,46,outwards,30,
P04,47,inwards,12,
P04,48,outwards,14,
P04,49,inwards,13,
P04,50,outwards,21,
P04,51,inwards,29,
P04,52,outwards,25,
P04,53,inwards,15,
P04,54,outwards,6,
P04,55,inwards,20,
P04,56,outwards,17,
P04,57,inwards,27,
P04,58,outwards,22,
P04,59,inwards,12,
P04,60,outwards,10,
P04,61,inwards,9,
P04,62,outwards,5,
P04,63,inwards,2,
P04,64,outwards,22,
P04,65,inwards,12,
P04,66,outwards,14,
P04,67,inwards,16,
P04,68,outwards,29,
P04,69,inwards,18,
P04,70,outwards,30,
P04,71,inwards,1,
P04,72,outwards,10,
P04,73,inwards,12,
P04,74,outwards,14,
P04,75,inwards,16,
P04,76,outwards,20,
P04,77,inwards,24,
P04,78,outwards,29,
P04,79,inwards,13,
P04,80,outwards,30,
P04,81,inwards,,
P04,82,outwards,,
P04,83,inwards,,
P04,84,outwards,,
P04,85,inwards,,
P04,86,outwards,,
P04,87,inwards,,
P04,88,outwards,,
P04,89,inwards,,
P04,90,outwards,,
P04,91,inwards,,
P04,92,outwards,,
P04,93,inwards,,
P04,94,outwards,,
P04,95,inwards,,
P04,96,outwards,,
P04,97,inwards,,
P04,98,outwards,,
P04,99,inwards,,
P04,100,outwards,,
P05,1,inwards,2,The participant guessed that the purpose of the experiment is to investigate how numbers might clustered
P05,2,outwards,11,
P05,3,inwards,21,
P05,4,outwards,5,
P05,5,inwards,29,
P05,6,outwards,13,
P05,7,inwards,10,
P05,8,outwards,1,
P05,9,inwards,9,
P05,10,outwards,12,
P05,11,inwards,22,
P05,12,outwards,28,
P05,13,inwards,26,
P05,14,outwards,14,
P05,15,inwards,3,
P05,16,outwards,11,
P05,17,inwards,8,
P05,18,outwards,24,
P05,19,inwards,25,
P05,20,outwards,6,
P05,21,inwards,1,
P05,22,outwards,29,
P05,23,inwards,30,
P05,24,outwards,21,
P05,25,inwards,23,
P05,26,outwards,16,
P05,27,inwards,18,
P05,28,outwards,14,
P05,29,inwards,17,
P05,30,outwards,9,
P05,31,inwards,7,
P05,32,outwards,4,
P05,33,inwards,5,
P05,34,outwards,20,
P05,35,inwards,25,
P05,36,outwards,15,
P05,37,inwards,19,
P05,38,outwards,4,
P05,39,inwards,6,
P05,40,outwards,3,
P05,41,inwards,1,
P05,42,outwards,7,
P05,43,inwards,9,
P05,44,outwards,11,
P05,45,inwards,22,
P05,46,outwards,25,
P05,47,inwards,29,
P05,48,outwards,13,
P05,49,inwards,15,
P05,50,outwards,19,
P05,51,inwards,11,
P05,52,outwards,20,
P05,53,inwards,1,
P05,54,outwards,7,
P05,55,inwards,9,
P05,56,outwards,12,
P05,57,inwards,15,
P05,58,outwards,26,
P05,59,inwards,12,
P05,60,outwards,8,
P05,61,inwards,24,
P05,62,outwards,29,
P05,63,inwards,27,
P05,64,outwards,15,
P05,65,inwards,8,
P05,66,outwards,3,
P05,67,inwards,1,
P05,68,outwards,16,
P05,69,inwards,19,
P05,70,outwards,23,
P05,71,inwards,27,
P05,72,outwards,16,
P05,73,inwards,12,
P05,74,outwards,13,
P05,75,inwards,5,
P05,76,outwards,2,
P05,77,inwards,9,
P05,78,outwards,7,
P05,79,inwards,7,
P05,80,outwards,13,
P05,81,inwards,12,
P05,82,outwards,,
P05,83,inwards,,
P05,84,outwards,,
P05,85,inwards,,
P05,86,outwards,,
P05,87,inwards,,
P05,88,outwards,,
P05,89,inwards,,
P05,90,outwards,,
P05,91,inwards,,
P05,92,outwards,,
P05,93,inwards,,
P05,94,outwards,,
P05,95,inwards,,
P05,96,outwards,,
P05,97,inwards,,
P05,98,outwards,,
P05,99,inwards,,
P05,100,outwards,,
P06,1,inwards,1,observed a lot of repeated numbers; guessed that the purpose of the experiment is two investigate the correspondance between numbers and gestures
P06,2,outwards,13,
P06,3,inwards,7,
P06,4,outwards,9,
P06,5,inwards,19,
P06,6,outwards,18,
P06,7,inwards,26,
P06,8,outwards,21,
P06,9,inwards,5,
P06,10,outwards,4,
P06,11,inwards,20,
P06,12,outwards,28,
P06,13,inwards,26,
P06,14,outwards,15,
P06,15,inwards,13,
P06,16,outwards,29,
P06,17,inwards,9,
P06,18,outwards,8,
P06,19,inwards,2,
P06,20,outwards,4,
P06,21,inwards,5,
P06,22,outwards,13,
P06,23,inwards,14,
P06,24,outwards,7,
P06,25,inwards,16,
P06,26,outwards,19,
P06,27,inwards,7,
P06,28,outwards,5,
P06,29,inwards,21,
P06,30,outwards,22,
P06,31,inwards,10,
P06,32,outwards,12,
P06,33,inwards,4,
P06,34,outwards,29,
P06,35,inwards,11,
P06,36,outwards,17,
P06,37,inwards,5,
P06,38,outwards,9,
P06,39,inwards,21,
P06,40,outwards,29,
P06,41,inwards,28,
P06,42,outwards,27,
P06,43,inwards,5,
P06,44,outwards,1,
P06,45,inwards,4,
P06,46,outwards,3,
P06,47,inwards,17,
P06,48,outwards,8,
P06,49,inwards,9,
P06,50,outwards,11,
P06,51,inwards,12,
P06,52,outwards,26,
P06,53,inwards,27,
P06,54,outwards,3,
P06,55,inwards,28,
P06,56,outwards,29,
P06,57,inwards,7,
P06,58,outwards,1,
P06,59,inwards,19,
P06,60,outwards,20,
P06,61,inwards,4,
P06,62,outwards,29,
P06,63,inwards,19,
P06,64,outwards,9,
P06,65,inwards,1,
P06,66,outwards,17,
P06,67,inwards,6,
P06,68,outwards,3,
P06,69,inwards,4,
P06,70,outwards,9,
P06,71,inwards,12,
P06,72,outwards,15,
P06,73,inwards,18,
P06,74,outwards,19,
P06,75,inwards,27,
P06,76,outwards,23,
P06,77,inwards,5,
P06,78,outwards,3,
P06,79,inwards,4,
P06,80,outwards,9,
P06,81,inwards,,
P06,82,outwards,,
P06,83,inwards,,
P06,84,outwards,,
P06,85,inwards,,
P06,86,outwards,,
P06,87,inwards,,
P06,88,outwards,,
P06,89,inwards,,
P06,90,outwards,,
P06,91,inwards,,
P06,92,outwards,,
P06,93,inwards,,
P06,94,outwards,,
P06,95,inwards,,
P06,96,outwards,,
P06,97,inwards,,
P06,98,outwards,,
P06,99,inwards,,
P06,100,outwards,,
P07,1,inwards,20,"cannot control mind while moving hands; guessed that the wider the hands, the larger the number."
P07,2,outwards,3,
P07,3,inwards,7,
P07,4,outwards,8,
P07,5,inwards,19,
P07,6,outwards,25,
P07,7,inwards,1,
P07,8,outwards,4,
P07,9,inwards,20,
P07,10,outwards,23,
P07,11,inwards,29,
P07,12,outwards,18,
P07,13,inwards,15,
P07,14,outwards,7,
P07,15,inwards,10,
P07,16,outwards,8,
P07,17,inwards,11,
P07,18,outwards,20,
P07,19,inwards,23,
P07,20,outwards,29,
P07,21,inwards,30,
P07,22,outwards,2,
P07,23,inwards,7,
P07,24,outwards,8,
P07,25,inwards,12,
P07,26,outwards,15,
P07,27,inwards,30,
P07,28,outwards,24,
P07,29,inwards,26,
P07,30,outwards,19,
P07,31,inwards,8,
P07,32,outwards,17,
P07,33,inwards,6,
P07,34,outwards,20,
P07,35,inwards,24,
P07,36,outwards,30,
P07,37,inwards,18,
P07,38,outwards,5,
P07,39,inwards,10,
P07,40,outwards,18,
P07,41,inwards,15,
P07,42,outwards,25,
P07,43,inwards,20,
P07,44,outwards,15,
P07,45,inwards,9,
P07,46,outwards,12,
P07,47,inwards,8,
P07,48,outwards,7,
P07,49,inwards,2,
P07,50,outwards,4,
P07,51,inwards,1,
P07,52,outwards,13,
P07,53,inwards,20,
P07,54,outwards,12,
P07,55,inwards,6,
P07,56,outwards,21,
P07,57,inwards,14,
P07,58,outwards,7,
P07,59,inwards,23,
P07,60,outwards,8,
P07,61,inwards,9,
P07,62,outwards,27,
P07,63,inwards,18,
P07,64,outwards,2,
P07,65,inwards,4,
P07,66,outwards,8,
P07,67,inwards,3,
P07,68,outwards,5,
P07,69,inwards,19,
P07,70,outwards,21,
P07,71,inwards,13,
P07,72,outwards,11,
P07,73,inwards,10,
P07,74,outwards,2,
P07,75,inwards,6,
P07,76,outwards,9,
P07,77,inwards,7,
P07,78,outwards,11,
P07,79,inwards,15,
P07,80,outwards,21,
P07,81,inwards,,
P07,82,outwards,,
P07,83,inwards,,
P07,84,outwards,,
P07,85,inwards,,
P07,86,outwards,,
P07,87,inwards,,
P07,88,outwards,,
P07,89,inwards,,
P07,90,outwards,,
P07,91,inwards,,
P07,92,outwards,,
P07,93,inwards,,
P07,94,outwards,,
P07,95,inwards,,
P07,96,outwards,,
P07,97,inwards,,
P07,98,outwards,,
P07,99,inwards,,
P07,100,outwards,,
P08,1,inwards,1,he found himself repeating number 11 most often; guessed that the experiment is about synchronizing speech and movement
P08,2,outwards,2,
P08,3,inwards,11,
P08,4,outwards,30,
P08,5,inwards,13,
P08,6,outwards,15,
P08,7,inwards,12,
P08,8,outwards,10,
P08,9,inwards,8,
P08,10,outwards,7,
P08,11,inwards,6,
P08,12,outwards,1,
P08,13,inwards,11,
P08,14,outwards,12,
P08,15,inwards,30,
P08,16,outwards,25,
P08,17,inwards,26,
P08,18,outwards,17,
P08,19,inwards,13,
P08,20,outwards,10,
P08,21,inwards,12,
P08,22,outwards,8,
P08,23,inwards,7,
P08,24,outwards,5,
P08,25,inwards,11,
P08,26,outwards,26,
P08,27,inwards,27,
P08,28,outwards,28,
P08,29,inwards,29,
P08,30,outwards,30,
P08,31,inwards,1,
P08,32,outwards,2,
P08,33,inwards,3,
P08,34,outwards,11,
P08,35,inwards,18,
P08,36,outwards,20,
P08,37,inwards,21,
P08,38,outwards,22,
P08,39,inwards,12,
P08,40,outwards,10,
P08,41,inwards,11,
P08,42,outwards,7,
P08,43,inwards,5,
P08,44,outwards,7,
P08,45,inwards,3,
P08,46,outwards,8,
P08,47,inwards,9,
P08,48,outwards,2,
P08,49,inwards,11,
P08,50,outwards,12,
P08,51,inwards,17,
P08,52,outwards,11,
P08,53,inwards,21,
P08,54,outwards,23,
P08,55,inwards,29,
P08,56,outwards,30,
P08,57,inwards,13,
P08,58,outwards,15,
P08,59,inwards,16,
P08,60,outwards,2,
P08,61,inwards,1,
P08,62,outwards,3,
P08,63,inwards,11,
P08,64,outwards,12,
P08,65,inwards,11,
P08,66,outwards,16,
P08,67,inwards,22,
P08,68,outwards,21,
P08,69,inwards,23,
P08,70,outwards,30,
P08,71,inwards,11,
P08,72,outwards,12,
P08,73,inwards,11,
P08,74,outwards,1,
P08,75,inwards,7,
P08,76,outwards,10,
P08,77,inwards,11,
P08,78,outwards,13,
P08,79,inwards,11,
P08,80,outwards,12,
P08,81,inwards,,
P08,82,outwards,,
P08,83,inwards,,
P08,84,outwards,,
P08,85,inwards,,
P08,86,outwards,,
P08,87,inwards,,
P08,88,outwards,,
P08,89,inwards,,
P08,90,outwards,,
P08,91,inwards,,
P08,92,outwards,,
P08,93,inwards,,
P08,94,outwards,,
P08,95,inwards,,
P08,96,outwards,,
P08,97,inwards,,
P08,98,outwards,,
P08,99,inwards,,
P08,100,outwards,,
P09,1,inwards,1,observed going faster than the metronome; misprocast
P09,2,outwards,22,
P09,3,inwards,23,
P09,4,outwards,15,
P09,5,inwards,12,
P09,6,outwards,15,
P09,7,inwards,16,
P09,8,outwards,22,
P09,9,inwards,16,
P09,10,outwards,9,
P09,11,inwards,8,
P09,12,outwards,11,
P09,13,inwards,12,
P09,14,outwards,15,
P09,15,inwards,16,
P09,16,outwards,13,
P09,17,inwards,31,
P09,18,outwards,15,
P09,19,inwards,12,
P09,20,outwards,6,
P09,21,inwards,5,
P09,22,outwards,4,
P09,23,inwards,15,
P09,24,outwards,19,
P09,25,inwards,18,
P09,26,outwards,28,
P09,27,inwards,24,
P09,28,outwards,20,
P09,29,inwards,16,
P09,30,outwards,12,
P09,31,inwards,6,
P09,32,outwards,8,
P09,33,inwards,9,
P09,34,outwards,11,
P09,35,inwards,15,
P09,36,outwards,17,
P09,37,inwards,19,
P09,38,outwards,21,
P09,39,inwards,23,
P09,40,outwards,25,
P09,41,inwards,3,
P09,42,outwards,5,
P09,43,inwards,2,
P09,44,outwards,6,
P09,45,inwards,8,
P09,46,outwards,9,
P09,47,inwards,11,
P09,48,outwards,12,
P09,49,inwards,26,
P09,50,outwards,28,
P09,51,inwards,30,
P09,52,outwards,10,
P09,53,inwards,9,
P09,54,outwards,11,
P09,55,inwards,12,
P09,56,outwards,22,
P09,57,inwards,25,
P09,58,outwards,10,
P09,59,inwards,6,
P09,60,outwards,17,
P09,61,inwards,16,
P09,62,outwards,18,
P09,63,inwards,29,
P09,64,outwards,30,
P09,65,inwards,26,
P09,66,outwards,22,
P09,67,inwards,21,
P09,68,outwards,15,
P09,69,inwards,16,
P09,70,outwards,12,
P09,71,inwards,11,
P09,72,outwards,9,
P09,73,inwards,6,
P09,74,outwards,1,
P09,75,inwards,6,
P09,76,outwards,11,
P09,77,inwards,15,
P09,78,outwards,16,
P09,79,inwards,19,
P09,80,outwards,18,
P09,81,inwards,,
P09,82,outwards,,
P09,83,inwards,,
P09,84,outwards,,
P09,85,inwards,,
P09,86,outwards,,
P09,87,inwards,,
P09,88,outwards,,
P09,89,inwards,,
P09,90,outwards,,
P09,91,inwards,,
P09,92,outwards,,
P09,93,inwards,,
P09,94,outwards,,
P09,95,inwards,,
P09,96,outwards,,
P09,97,inwards,,
P09,98,outwards,,
P09,99,inwards,,
P09,100,outwards,,
P10,1,inwards,8,"obersved doing single numbers ascending or descending; guessed that how different numbers are associated, and with the metronome, the experiment might aim at how long it takes to generate numbers"
P10,2,outwards,15,
P10,3,inwards,10,
P10,4,outwards,2,
P10,5,inwards,22,
P10,6,outwards,20,
P10,7,inwards,15,
P10,8,outwards,14,
P10,9,inwards,8,
P10,10,outwards,3,
P10,11,inwards,1,
P10,12,outwards,11,
P10,13,inwards,26,
P10,14,outwards,30,
P10,15,inwards,19,
P10,16,outwards,9,
P10,17,inwards,10,
P10,18,outwards,16,
P10,19,inwards,17,
P10,20,outwards,23,
P10,21,inwards,27,
P10,22,outwards,24,
P10,23,inwards,10,
P10,24,outwards,6,
P10,25,inwards,4,
P10,26,outwards,8,
P10,27,inwards,13,
P10,28,outwards,25,
P10,29,inwards,28,
P10,30,outwards,30,
P10,31,inwards,11,
P10,32,outwards,16,
P10,33,inwards,8,
P10,34,outwards,9,
P10,35,inwards,3,
P10,36,outwards,1,
P10,37,inwards,16,
P10,38,outwards,22,
P10,39,inwards,24,
P10,40,outwards,14,
P10,41,inwards,18,
P10,42,outwards,30,
P10,43,inwards,16,
P10,44,outwards,12,
P10,45,inwards,4,
P10,46,outwards,1,
P10,47,inwards,13,
P10,48,outwards,22,
P10,49,inwards,24,
P10,50,outwards,18,
P10,51,inwards,4,
P10,52,outwards,26,
P10,53,inwards,30,
P10,54,outwards,16,
P10,55,inwards,12,
P10,56,outwards,24,
P10,57,inwards,2,
P10,58,outwards,6,
P10,59,inwards,8,
P10,60,outwards,10,
P10,61,inwards,5,
P10,62,outwards,10,
P10,63,inwards,15,
P10,64,outwards,20,
P10,65,inwards,25,
P10,66,outwards,7,
P10,67,inwards,10,
P10,68,outwards,12,
P10,69,inwards,4,
P10,70,outwards,6,
P10,71,inwards,5,
P10,72,outwards,3,
P10,73,inwards,2,
P10,74,outwards,1,
P10,75,inwards,15,
P10,76,outwards,18,
P10,77,inwards,23,
P10,78,outwards,29,
P10,79,inwards,27,
P10,80,outwards,14,
P10,81,inwards,,
P10,82,outwards,,
P10,83,inwards,,
P10,84,outwards,,
P10,85,inwards,,
P10,86,outwards,,
P10,87,inwards,,
P10,88,outwards,,
P10,89,inwards,,
P10,90,outwards,,
P10,91,inwards,,
P10,92,outwards,,
P10,93,inwards,,
P10,94,outwards,,
P10,95,inwards,,
P10,96,outwards,,
P10,97,inwards,,
P10,98,outwards,,
P10,99,inwards,,
P10,100,outwards,,
P11,1,inwards,7,inward means smaller; how movements affect number generation;
P11,2,outwards,12,
P11,3,inwards,6,
P11,4,outwards,28,
P11,5,inwards,20,
P11,6,outwards,23,
P11,7,inwards,4,
P11,8,outwards,16,
P11,9,inwards,5,
P11,10,outwards,6,
P11,11,inwards,18,
P11,12,outwards,20,
P11,13,inwards,9,
P11,14,outwards,11,
P11,15,inwards,12,
P11,16,outwards,16,
P11,17,inwards,4,
P11,18,outwards,28,
P11,19,inwards,20,
P11,20,outwards,27,
P11,21,inwards,3,
P11,22,outwards,5,
P11,23,inwards,4,
P11,24,outwards,20,
P11,25,inwards,19,
P11,26,outwards,14,
P11,27,inwards,16,
P11,28,outwards,18,
P11,29,inwards,12,
P11,30,outwards,23,
P11,31,inwards,4,
P11,32,outwards,19,
P11,33,inwards,12,
P11,34,outwards,22,
P11,35,inwards,3,
P11,36,outwards,12,
P11,37,inwards,14,
P11,38,outwards,18,
P11,39,inwards,4,
P11,40,outwards,26,
P11,41,inwards,5,
P11,42,outwards,28,
P11,43,inwards,20,
P11,44,outwards,29,
P11,45,inwards,1,
P11,46,outwards,12,
P11,47,inwards,2,
P11,48,outwards,18,
P11,49,inwards,4,
P11,50,outwards,16,
P11,51,inwards,6,
P11,52,outwards,24,
P11,53,inwards,3,
P11,54,outwards,19,
P11,55,inwards,9,
P11,56,outwards,19,
P11,57,inwards,8,
P11,58,outwards,23,
P11,59,inwards,3,
P11,60,outwards,26,
P11,61,inwards,0,
P11,62,outwards,12,
P11,63,inwards,1,
P11,64,outwards,3,
P11,65,inwards,5,
P11,66,outwards,19,
P11,67,inwards,6,
P11,68,outwards,23,
P11,69,inwards,4,
P11,70,outwards,22,
P11,71,inwards,7,
P11,72,outwards,27,
P11,73,inwards,8,
P11,74,outwards,28,
P11,75,inwards,2,
P11,76,outwards,16,
P11,77,inwards,5,
P11,78,outwards,23,
P11,79,inwards,6,
P11,80,outwards,12,
P11,81,inwards,,
P11,82,outwards,,
P11,83,inwards,,
P11,84,outwards,,
P11,85,inwards,,
P11,86,outwards,,
P11,87,inwards,,
P11,88,outwards,,
P11,89,inwards,,
P11,90,outwards,,
P11,91,inwards,,
P11,92,outwards,,
P11,93,inwards,,
P11,94,outwards,,
P11,95,inwards,,
P11,96,outwards,,
P11,97,inwards,,
P11,98,outwards,,
P11,99,inwards,,
P11,100,outwards,,
P12,1,inwards,2,"observed that number generation is in cue with the metronome and sometimes the movement and number generation has to wait for the metronome, thus saying that the metronome is irritating and interrupting; guessed that the purpose pf the experiment is two investiagte the brain-speech cognitive thing."
P12,2,outwards,5,
P12,3,inwards,6,
P12,4,outwards,1,
P12,5,inwards,15,
P12,6,outwards,25,
P12,7,inwards,27,
P12,8,outwards,21,
P12,9,inwards,23,
P12,10,outwards,19,
P12,11,inwards,1,
P12,12,outwards,5,
P12,13,inwards,4,
P12,14,outwards,12,
P12,15,inwards,13,
P12,16,outwards,14,
P12,17,inwards,18,
P12,18,outwards,25,
P12,19,inwards,27,
P12,20,outwards,29,
P12,21,inwards,30,
P12,22,outwards,29,
P12,23,inwards,28,
P12,24,outwards,26,
P12,25,inwards,25,
P12,26,outwards,23,
P12,27,inwards,21,
P12,28,outwards,20,
P12,29,inwards,18,
P12,30,outwards,15,
P12,31,inwards,11,
P12,32,outwards,12,
P12,33,inwards,5,
P12,34,outwards,6,
P12,35,inwards,9,
P12,36,outwards,10,
P12,37,inwards,2,
P12,38,outwards,18,
P12,39,inwards,17,
P12,40,outwards,19,
P12,41,inwards,20,
P12,42,outwards,1,
P12,43,inwards,2,
P12,44,outwards,3,
P12,45,inwards,4,
P12,46,outwards,5,
P12,47,inwards,7,
P12,48,outwards,9,
P12,49,inwards,22,
P12,50,outwards,23,
P12,51,inwards,12,
P12,52,outwards,15,
P12,53,inwards,16,
P12,54,outwards,17,
P12,55,inwards,18,
P12,56,outwards,19,
P12,57,inwards,11,
P12,58,outwards,12,
P12,59,inwards,3,
P12,60,outwards,4,
P12,61,inwards,5,
P12,62,outwards,6,
P12,63,inwards,7,
P12,64,outwards,8,
P12,65,inwards,9,
P12,66,outwards,16,
P12,67,inwards,17,
P12,68,outwards,25,
P12,69,inwards,23,
P12,70,outwards,22,
P12,71,inwards,28,
P12,72,outwards,29,
P12,73,inwards,30,
P12,74,outwards,1,
P12,75,inwards,2,
P12,76,outwards,5,
P12,77,inwards,6,
P12,78,outwards,7,
P12,79,inwards,8,
P12,80,outwards,9,
P12,81,inwards,,
P12,82,outwards,,
P12,83,inwards,,
P12,84,outwards,,
P12,85,inwards,,
P12,86,outwards,,
P12,87,inwards,,
P12,88,outwards,,
P12,89,inwards,,
P12,90,outwards,,
P12,91,inwards,,
P12,92,outwards,,
P12,93,inwards,,
P12,94,outwards,,
P12,95,inwards,,
P12,96,outwards,,
P12,97,inwards,,
P12,98,outwards,,
P12,99,inwards,,
P12,100,outwards,,
P13,1,inwards,11,guessed that the purpose of the experiment is to investigate how people think about numbers
P13,2,outwards,13,
P13,3,inwards,16,
P13,4,outwards,19,
P13,5,inwards,11,
P13,6,outwards,20,
P13,7,inwards,23,
P13,8,outwards,25,
P13,9,inwards,29,
P13,10,outwards,30,
P13,11,inwards,6,
P13,12,outwards,8,
P13,13,inwards,2,
P13,14,outwards,3,
P13,15,inwards,13,
P13,16,outwards,15,
P13,17,inwards,16,
P13,18,outwards,17,
P13,19,inwards,19,
P13,20,outwards,20,
P13,21,inwards,23,
P13,22,outwards,22,
P13,23,inwards,26,
P13,24,outwards,27,
P13,25,inwards,15,
P13,26,outwards,16,
P13,27,inwards,12,
P13,28,outwards,7,
P13,29,inwards,8,
P13,30,outwards,10,
P13,31,inwards,3,
P13,32,outwards,11,
P13,33,inwards,20,
P13,34,outwards,10,
P13,35,inwards,11,
P13,36,outwards,18,
P13,37,inwards,21,
P13,38,outwards,25,
P13,39,inwards,29,
P13,40,outwards,30,
P13,41,inwards,12,
P13,42,outwards,16,
P13,43,inwards,17,
P13,44,outwards,19,
P13,45,inwards,20,
P13,46,outwards,21,
P13,47,inwards,26,
P13,48,outwards,27,
P13,49,inwards,30,
P13,50,outwards,15,
P13,51,inwards,17,
P13,52,outwards,16,
P13,53,inwards,18,
P13,54,outwards,17,
P13,55,inwards,11,
P13,56,outwards,12,
P13,57,inwards,10,
P13,58,outwards,9,
P13,59,inwards,8,
P13,60,outwards,4,
P13,61,inwards,3,
P13,62,outwards,2,
P13,63,inwards,1,
P13,64,outwards,10,
P13,65,inwards,11,
P13,66,outwards,13,
P13,67,inwards,18,
P13,68,outwards,20,
P13,69,inwards,23,
P13,70,outwards,25,
P13,71,inwards,26,
P13,72,outwards,29,
P13,73,inwards,30,
P13,74,outwards,16,
P13,75,inwards,11,
P13,76,outwards,12,
P13,77,inwards,13,
P13,78,outwards,15,
P13,79,inwards,17,
P13,80,outwards,18,
P13,81,inwards,,
P13,82,outwards,,
P13,83,inwards,,
P13,84,outwards,,
P13,85,inwards,,
P13,86,outwards,,
P13,87,inwards,,
P13,88,outwards,,
P13,89,inwards,,
P13,90,outwards,,
P13,91,inwards,,
P13,92,outwards,,
P13,93,inwards,,
P13,94,outwards,,
P13,95,inwards,,
P13,96,outwards,,
P13,97,inwards,,
P13,98,outwards,,
P13,99,inwards,,
P13,100,outwards,,
P14,1,inwards,1,found easily losing the tempo and hard to generate numbers;
P14,2,outwards,3,
P14,3,inwards,8,
P14,4,outwards,9,
P14,5,inwards,11,
P14,6,outwards,14,
P14,7,inwards,19,
P14,8,outwards,15,
P14,9,inwards,10,
P14,10,outwards,2,
P14,11,inwards,4,
P14,12,outwards,5,
P14,13,inwards,14,
P14,14,outwards,13,
P14,15,inwards,16,
P14,16,outwards,19,
P14,17,inwards,21,
P14,18,outwards,20,
P14,19,inwards,25,
P14,20,outwards,8,
P14,21,inwards,7,
P14,22,outwards,15,
P14,23,inwards,16,
P14,24,outwards,18,
P14,25,inwards,2,
P14,26,outwards,28,
P14,27,inwards,29,
P14,28,outwards,9,
P14,29,inwards,7,
P14,30,outwards,6,
P14,31,inwards,5,
P14,32,outwards,2,
P14,33,inwards,10,
P14,34,outwards,11,
P14,35,inwards,14,
P14,36,outwards,19,
P14,37,inwards,21,
P14,38,outwards,20,
P14,39,inwards,20,
P14,40,outwards,30,
P14,41,inwards,29,
P14,42,outwards,30,
P14,43,inwards,1,
P14,44,outwards,5,
P14,45,inwards,7,
P14,46,outwards,9,
P14,47,inwards,12,
P14,48,outwards,14,
P14,49,inwards,15,
P14,50,outwards,17,
P14,51,inwards,18,
P14,52,outwards,3,
P14,53,inwards,5,
P14,54,outwards,9,
P14,55,inwards,20,
P14,56,outwards,21,
P14,57,inwards,24,
P14,58,outwards,5,
P14,59,inwards,6,
P14,60,outwards,7,
P14,61,inwards,8,
P14,62,outwards,11,
P14,63,inwards,12,
P14,64,outwards,15,
P14,65,inwards,16,
P14,66,outwards,17,
P14,67,inwards,18,
P14,68,outwards,24,
P14,69,inwards,2,
P14,70,outwards,5,
P14,71,inwards,7,
P14,72,outwards,8,
P14,73,inwards,9,
P14,74,outwards,10,
P14,75,inwards,14,
P14,76,outwards,16,
P14,77,inwards,18,
P14,78,outwards,20,
P14,79,inwards,22,
P14,80,outwards,24,
P14,81,inwards,,
P14,82,outwards,,
P14,83,inwards,,
P14,84,outwards,,
P14,85,inwards,,
P14,86,outwards,,
P14,87,inwards,,
P14,88,outwards,,
P14,89,inwards,,
P14,90,outwards,,
P14,91,inwards,,
P14,92,outwards,,
P14,93,inwards,,
P14,94,outwards,,
P14,95,inwards,,
P14,96,outwards,,
P14,97,inwards,,
P14,98,outwards,,
P14,99,inwards,,
P14,100,outwards,,
P15,1,inwards,12,found himself generating numbers in sequence; suspecting that there is a correlation between the size of the gestures and the movement;
P15,2,outwards,11,
P15,3,inwards,22,
P15,4,outwards,12,
P15,5,inwards,7,
P15,6,outwards,3,
P15,7,inwards,4,
P15,8,outwards,5,
P15,9,inwards,8,
P15,10,outwards,16,
P15,11,inwards,12,
P15,12,outwards,5,
P15,13,inwards,7,
P15,14,outwards,21,
P15,15,inwards,26,
P15,16,outwards,23,
P15,17,inwards,13,
P15,18,outwards,8,
P15,19,inwards,9,
P15,20,outwards,10,
P15,21,inwards,1,
P15,22,outwards,29,
P15,23,inwards,3,
P15,24,outwards,13,
P15,25,inwards,6,
P15,26,outwards,18,
P15,27,inwards,12,
P15,28,outwards,14,
P15,29,inwards,15,
P15,30,outwards,7,
P15,31,inwards,8,
P15,32,outwards,3,
P15,33,inwards,2,
P15,34,outwards,1,
P15,35,inwards,11,
P15,36,outwards,12,
P15,37,inwards,3,
P15,38,outwards,7,
P15,39,inwards,4,
P15,40,outwards,16,
P15,41,inwards,17,
P15,42,outwards,8,
P15,43,inwards,3,
P15,44,outwards,4,
P15,45,inwards,9,
P15,46,outwards,12,
P15,47,inwards,3,
P15,48,outwards,5,
P15,49,inwards,25,
P15,50,outwards,27,
P15,51,inwards,3,
P15,52,outwards,7,
P15,53,inwards,10,
P15,54,outwards,12,
P15,55,inwards,13,
P15,56,outwards,3,
P15,57,inwards,4,
P15,58,outwards,6,
P15,59,inwards,8,
P15,60,outwards,12,
P15,61,inwards,17,
P15,62,outwards,20,
P15,63,inwards,18,
P15,64,outwards,24,
P15,65,inwards,23,
P15,66,outwards,8,
P15,67,inwards,10,
P15,68,outwards,11,
P15,69,inwards,12,
P15,70,outwards,13,
P15,71,inwards,3,
P15,72,outwards,7,
P15,73,inwards,2,
P15,74,outwards,1,
P15,75,inwards,8,
P15,76,outwards,25,
P15,77,inwards,26,
P15,78,outwards,20,
P15,79,inwards,18,
P15,80,outwards,19,
P15,81,inwards,,
P15,82,outwards,,
P15,83,inwards,,
P15,84,outwards,,
P15,85,inwards,,
P15,86,outwards,,
P15,87,inwards,,
P15,88,outwards,,
P15,89,inwards,,
P15,90,outwards,,
P15,91,inwards,,
P15,92,outwards,,
P15,93,inwards,,
P15,94,outwards,,
P15,95,inwards,,
P15,96,outwards,,
P15,97,inwards,,
P15,98,outwards,,
P15,99,inwards,,
P15,100,outwards,,
P16,1,inwards,30,found it hard and tired to keep moving the hands; and guessed that the experiment is to find the pattern of number generating
P16,2,outwards,29,
P16,3,inwards,23,
P16,4,outwards,18,
P16,5,inwards,13,
P16,6,outwards,6,
P16,7,inwards,5,
P16,8,outwards,9,
P16,9,inwards,13,
P16,10,outwards,14,
P16,11,inwards,26,
P16,12,outwards,24,
P16,13,inwards,25,
P16,14,outwards,20,
P16,15,inwards,10,
P16,16,outwards,11,
P16,17,inwards,3,
P16,18,outwards,6,
P16,19,inwards,19,
P16,20,outwards,29,
P16,21,inwards,25,
P16,22,outwards,21,
P16,23,inwards,11,
P16,24,outwards,13,
P16,25,inwards,15,
P16,26,outwards,18,
P16,27,inwards,28,
P16,28,outwards,27,
P16,29,inwards,22,
P16,30,outwards,21,
P16,31,inwards,24,
P16,32,outwards,6,
P16,33,inwards,8,
P16,34,outwards,9,
P16,35,inwards,2,
P16,36,outwards,3,
P16,37,inwards,15,
P16,38,outwards,18,
P16,39,inwards,16,
P16,40,outwards,13,
P16,41,inwards,23,
P16,42,outwards,24,
P16,43,inwards,29,
P16,44,outwards,19,
P16,45,inwards,13,
P16,46,outwards,15,
P16,47,inwards,5,
P16,48,outwards,16,
P16,49,inwards,27,
P16,50,outwards,22,
P16,51,inwards,24,
P16,52,outwards,14,
P16,53,inwards,16,
P16,54,outwards,18,
P16,55,inwards,17,
P16,56,outwards,13,
P16,57,inwards,3,
P16,58,outwards,5,
P16,59,inwards,9,
P16,60,outwards,18,
P16,61,inwards,17,
P16,62,outwards,27,
P16,63,inwards,25,
P16,64,outwards,22,
P16,65,inwards,23,
P16,66,outwards,25,
P16,67,inwards,15,
P16,68,outwards,5,
P16,69,inwards,6,
P16,70,outwards,17,
P16,71,inwards,8,
P16,72,outwards,28,
P16,73,inwards,29,
P16,74,outwards,19,
P16,75,inwards,10,
P16,76,outwards,20,
P16,77,inwards,26,
P16,78,outwards,23,
P16,79,inwards,21,
P16,80,outwards,11,
P16,81,inwards,,
P16,82,outwards,,
P16,83,inwards,,
P16,84,outwards,,
P16,85,inwards,,
P16,86,outwards,,
P16,87,inwards,,
P16,88,outwards,,
P16,89,inwards,,
P16,90,outwards,,
P16,91,inwards,,
P16,92,outwards,,
P16,93,inwards,,
P16,94,outwards,,
P16,95,inwards,,
P16,96,outwards,,
P16,97,inwards,,
P16,98,outwards,,
P16,99,inwards,,
P16,100,outwards,,
P17,1,inwards,7,"found herself generating numbers in a minus-2 consecutive order; guessed that the experiment is about relation between gesture-size and number value, but he tried to keep the number random while noticing the purpose of the experiment"
P17,2,outwards,10,
P17,3,inwards,11,
P17,4,outwards,19,
P17,5,inwards,21,
P17,6,outwards,4,
P17,7,inwards,3,
P17,8,outwards,1,
P17,9,inwards,20,
P17,10,outwards,29,
P17,11,inwards,27,
P17,12,outwards,15,
P17,13,inwards,11,
P17,14,outwards,12,
P17,15,inwards,30,
P17,16,outwards,20,
P17,17,inwards,16,
P17,18,outwards,18,
P17,19,inwards,6,
P17,20,outwards,1,
P17,21,inwards,4,
P17,22,outwards,12,
P17,23,inwards,17,
P17,24,outwards,25,
P17,25,inwards,23,
P17,26,outwards,29,
P17,27,inwards,14,
P17,28,outwards,10,
P17,29,inwards,5,
P17,30,outwards,3,
P17,31,inwards,7,
P17,32,outwards,11,
P17,33,inwards,10,
P17,34,outwards,16,
P17,35,inwards,22,
P17,36,outwards,25,
P17,37,inwards,17,
P17,38,outwards,13,
P17,39,inwards,9,
P17,40,outwards,19,
P17,41,inwards,18,
P17,42,outwards,15,
P17,43,inwards,11,
P17,44,outwards,23,
P17,45,inwards,13,
P17,46,outwards,27,
P17,47,inwards,1,
P17,48,outwards,2,
P17,49,inwards,12,
P17,50,outwards,18,
P17,51,inwards,25,
P17,52,outwards,23,
P17,53,inwards,27,
P17,54,outwards,16,
P17,55,inwards,5,
P17,56,outwards,10,
P17,57,inwards,14,
P17,58,outwards,12,
P17,59,inwards,19,
P17,60,outwards,30,
P17,61,inwards,2,
P17,62,outwards,5,
P17,63,inwards,9,
P17,64,outwards,18,
P17,65,inwards,26,
P17,66,outwards,10,
P17,67,inwards,20,
P17,68,outwards,25,
P17,69,inwards,14,
P17,70,outwards,17,
P17,71,inwards,8,
P17,72,outwards,15,
P17,73,inwards,10,
P17,74,outwards,3,
P17,75,inwards,27,
P17,76,outwards,5,
P17,77,inwards,9,
P17,78,outwards,17,
P17,79,inwards,24,
P17,80,outwards,13,
P17,81,inwards,,
P17,82,outwards,,
P17,83,inwards,,
P17,84,outwards,,
P17,85,inwards,,
P17,86,outwards,,
P17,87,inwards,,
P17,88,outwards,,
P17,89,inwards,,
P17,90,outwards,,
P17,91,inwards,,
P17,92,outwards,,
P17,93,inwards,,
P17,94,outwards,,
P17,95,inwards,,
P17,96,outwards,,
P17,97,inwards,,
P17,98,outwards,,
P17,99,inwards,,
P17,100,outwards,,
P18,1,inwards,1,found herself generating numbers close to each other and also numbers ended up with same ones digits; guessed that the experiment is to investigate whether there are patterns in number generating
P18,2,outwards,30,
P18,3,inwards,21,
P18,4,outwards,22,
P18,5,inwards,4,
P18,6,outwards,5,
P18,7,inwards,8,
P18,8,outwards,12,
P18,9,inwards,17,
P18,10,outwards,19,
P18,11,inwards,30,
P18,12,outwards,22,
P18,13,inwards,6,
P18,14,outwards,2,
P18,15,inwards,1,
P18,16,outwards,29,
P18,17,inwards,13,
P18,18,outwards,21,
P18,19,inwards,24,
P18,20,outwards,17,
P18,21,inwards,11,
P18,22,outwards,9,
P18,23,inwards,3,
P18,24,outwards,1,
P18,25,inwards,18,
P18,26,outwards,30,
P18,27,inwards,21,
P18,28,outwards,10,
P18,29,inwards,20,
P18,30,outwards,5,
P18,31,inwards,15,
P18,32,outwards,7,
P18,33,inwards,8,
P18,34,outwards,23,
P18,35,inwards,24,
P18,36,outwards,16,
P18,37,inwards,5,
P18,38,outwards,4,
P18,39,inwards,14,
P18,40,outwards,19,
P18,41,inwards,29,
P18,42,outwards,27,
P18,43,inwards,21,
P18,44,outwards,11,
P18,45,inwards,13,
P18,46,outwards,12,
P18,47,inwards,2,
P18,48,outwards,1,
P18,49,inwards,30,
P18,50,outwards,12,
P18,51,inwards,17,
P18,52,outwards,25,
P18,53,inwards,28,
P18,54,outwards,3,
P18,55,inwards,4,
P18,56,outwards,17,
P18,57,inwards,18,
P18,58,outwards,20,
P18,59,inwards,8,
P18,60,outwards,7,
P18,61,inwards,13,
P18,62,outwards,14,
P18,63,inwards,16,
P18,64,outwards,27,
P18,65,inwards,29,
P18,66,outwards,6,
P18,67,inwards,7,
P18,68,outwards,8,
P18,69,inwards,14,
P18,70,outwards,20,
P18,71,inwards,28,
P18,72,outwards,30,
P18,73,inwards,1,
P18,74,outwards,3,
P18,75,inwards,13,
P18,76,outwards,17,
P18,77,inwards,8,
P18,78,outwards,7,
P18,79,inwards,3,
P18,80,outwards,5,
P18,81,inwards,,
P18,82,outwards,,
P18,83,inwards,,
P18,84,outwards,,
P18,85,inwards,,
P18,86,outwards,,
P18,87,inwards,,
P18,88,outwards,,
P18,89,inwards,,
P18,90,outwards,,
P18,91,inwards,,
P18,92,outwards,,
P18,93,inwards,,
P18,94,outwards,,
P18,95,inwards,,
P18,96,outwards,,
P18,97,inwards,,
P18,98,outwards,,
P18,99,inwards,,
P18,100,outwards,,
P19,1,inwards,1,"found same number repetition and seires of descending numbers; guessed that the bigger number, the wider the gestures."
P19,2,outwards,5,
P19,3,inwards,6,
P19,4,outwards,9,
P19,5,inwards,11,
P19,6,outwards,10,
P19,7,inwards,16,
P19,8,outwards,14,
P19,9,inwards,11,
P19,10,outwards,24,
P19,11,inwards,26,
P19,12,outwards,29,
P19,13,inwards,30,
P19,14,outwards,24,
P19,15,inwards,22,
P19,16,outwards,9,
P19,17,inwards,3,
P19,18,outwards,4,
P19,19,inwards,2,
P19,20,outwards,15,
P19,21,inwards,18,
P19,22,outwards,17,
P19,23,inwards,22,
P19,24,outwards,26,
P19,25,inwards,21,
P19,26,outwards,19,
P19,27,inwards,30,
P19,28,outwards,1,
P19,29,inwards,3,
P19,30,outwards,9,
P19,31,inwards,22,
P19,32,outwards,23,
P19,33,inwards,16,
P19,34,outwards,14,
P19,35,inwards,12,
P19,36,outwards,18,
P19,37,inwards,14,
P19,38,outwards,1,
P19,39,inwards,3,
P19,40,outwards,8,
P19,41,inwards,27,
P19,42,outwards,16,
P19,43,inwards,12,
P19,44,outwards,10,
P19,45,inwards,4,
P19,46,outwards,8,
P19,47,inwards,3,
P19,48,outwards,13,
P19,49,inwards,23,
P19,50,outwards,29,
P19,51,inwards,27,
P19,52,outwards,17,
P19,53,inwards,11,
P19,54,outwards,3,
P19,55,inwards,2,
P19,56,outwards,1,
P19,57,inwards,4,
P19,58,outwards,26,
P19,59,inwards,29,
P19,60,outwards,15,
P19,61,inwards,12,
P19,62,outwards,24,
P19,63,inwards,22,
P19,64,outwards,23,
P19,65,inwards,19,
P19,66,outwards,16,
P19,67,inwards,3,
P19,68,outwards,5,
P19,69,inwards,6,
P19,70,outwards,7,
P19,71,inwards,8,
P19,72,outwards,21,
P19,73,inwards,16,
P19,74,outwards,15,
P19,75,inwards,12,
P19,76,outwards,26,
P19,77,inwards,17,
P19,78,outwards,19,
P19,79,inwards,4,
P19,80,outwards,5,
P19,81,inwards,,
P19,82,outwards,,
P19,83,inwards,,
P19,84,outwards,,
P19,85,inwards,,
P19,86,outwards,,
P19,87,inwards,,
P19,88,outwards,,
P19,89,inwards,,
P19,90,outwards,,
P19,91,inwards,,
P19,92,outwards,,
P19,93,inwards,,
P19,94,outwards,,
P19,95,inwards,,
P19,96,outwards,,
P19,97,inwards,,
P19,98,outwards,,
P19,99,inwards,,
P19,100,outwards,,
P20,1,inwards,4,guessed that the purpose of the experiment is to investigate how gesture correlate with speech
P20,2,outwards,12,
P20,3,inwards,9,
P20,4,outwards,8,
P20,5,inwards,6,
P20,6,outwards,3,
P20,7,inwards,14,
P20,8,outwards,8,
P20,9,inwards,20,
P20,10,outwards,11,
P20,11,inwards,25,
P20,12,outwards,3,
P20,13,inwards,26,
P20,14,outwards,5,
P20,15,inwards,10,
P20,16,outwards,17,
P20,17,inwards,18,
P20,18,outwards,2,
P20,19,inwards,5,
P20,20,outwards,9,
P20,21,inwards,12,
P20,22,outwards,6,
P20,23,inwards,5,
P20,24,outwards,1,
P20,25,inwards,4,
P20,26,outwards,15,
P20,27,inwards,2,
P20,28,outwards,11,
P20,29,inwards,23,
P20,30,outwards,5,
P20,31,inwards,18,
P20,32,outwards,9,
P20,33,inwards,6,
P20,34,outwards,2,
P20,35,inwards,10,
P20,36,outwards,7,
P20,37,inwards,19,
P20,38,outwards,8,
P20,39,inwards,4,
P20,40,outwards,24,
P20,41,inwards,20,
P20,42,outwards,18,
P20,43,inwards,6,
P20,44,outwards,16,
P20,45,inwards,12,
P20,46,outwards,2,
P20,47,inwards,5,
P20,48,outwards,9,
P20,49,inwards,10,
P20,50,outwards,11,
P20,51,inwards,17,
P20,52,outwards,15,
P20,53,inwards,14,
P20,54,outwards,8,
P20,55,inwards,1,
P20,56,outwards,21,
P20,57,inwards,20,
P20,58,outwards,9,
P20,59,inwards,30,
P20,60,outwards,28,
P20,61,inwards,2,
P20,62,outwards,5,
P20,63,inwards,8,
P20,64,outwards,11,
P20,65,inwards,14,
P20,66,outwards,5,
P20,67,inwards,19,
P20,68,outwards,6,
P20,69,inwards,1,
P20,70,outwards,20,
P20,71,inwards,24,
P20,72,outwards,8,
P20,73,inwards,17,
P20,74,outwards,3,
P20,75,inwards,22,
P20,76,outwards,1,
P20,77,inwards,7,
P20,78,outwards,15,
P20,79,inwards,20,
P20,80,outwards,3,
P20,81,inwards,,
P20,82,outwards,,
P20,83,inwards,,
P20,84,outwards,,
P20,85,inwards,,
P20,86,outwards,,
P20,87,inwards,,
P20,88,outwards,,
P20,89,inwards,,
P20,90,outwards,,
P20,91,inwards,,
P20,92,outwards,,
P20,93,inwards,,
P20,94,outwards,,
P20,95,inwards,,
P20,96,outwards,,
P20,97,inwards,,
P20,98,outwards,,
P20,99,inwards,,
P20,100,outwards,,
P21,1,inwards,2,none
P21,2,outwards,27,
P21,3,inwards,17,
P21,4,outwards,12,
P21,5,inwards,8,
P21,6,outwards,1,
P21,7,inwards,5,
P21,8,outwards,29,
P21,9,inwards,20,
P21,10,outwards,17,
P21,11,inwards,14,
P21,12,outwards,4,
P21,13,inwards,11,
P21,14,outwards,8,
P21,15,inwards,2,
P21,16,outwards,23,
P21,17,inwards,20,
P21,18,outwards,11,
P21,19,inwards,7,
P21,20,outwards,2,
P21,21,inwards,12,
P21,22,outwards,28,
P21,23,inwards,30,
P21,24,outwards,1,
P21,25,inwards,6,
P21,26,outwards,11,
P21,27,inwards,17,
P21,28,outwards,13,
P21,29,inwards,18,
P21,30,outwards,5,
P21,31,inwards,9,
P21,32,outwards,2,
P21,33,inwards,22,
P21,34,outwards,23,
P21,35,inwards,21,
P21,36,outwards,30,
P21,37,inwards,28,
P21,38,outwards,4,
P21,39,inwards,7,
P21,40,outwards,1,
P21,41,inwards,9,
P21,42,outwards,19,
P21,43,inwards,22,
P21,44,outwards,28,
P21,45,inwards,7,
P21,46,outwards,4,
P21,47,inwards,11,
P21,48,outwards,16,
P21,49,inwards,14,
P21,50,outwards,21,
P21,51,inwards,30,
P21,52,outwards,1,
P21,53,inwards,17,
P21,54,outwards,14,
P21,55,inwards,23,
P21,56,outwards,28,
P21,57,inwards,6,
P21,58,outwards,4,
P21,59,inwards,1,
P21,60,outwards,7,
P21,61,inwards,25,
P21,62,outwards,22,
P21,63,inwards,3,
P21,64,outwards,4,
P21,65,inwards,2,
P21,66,outwards,30,
P21,67,inwards,17,
P21,68,outwards,16,
P21,69,inwards,12,
P21,70,outwards,28,
P21,71,inwards,21,
P21,72,outwards,1,
P21,73,inwards,10,
P21,74,outwards,13,
P21,75,inwards,16,
P21,76,outwards,2,
P21,77,inwards,4,
P21,78,outwards,9,
P21,79,inwards,29,
P21,80,outwards,27,
P21,81,inwards,,
P21,82,outwards,,
P21,83,inwards,,
P21,84,outwards,,
P21,85,inwards,,
P21,86,outwards,,
P21,87,inwards,,
P21,88,outwards,,
P21,89,inwards,,
P21,90,outwards,,
P21,91,inwards,,
P21,92,outwards,,
P21,93,inwards,,
P21,94,outwards,,
P21,95,inwards,,
P21,96,outwards,,
P21,97,inwards,,
P21,98,outwards,,
P21,99,inwards,,
P21,100,outwards,,
P22,1,inwards,4,no observation; guessed that the experiment is about the relationship between gesture wide and number value
P22,2,outwards,9,
P22,3,inwards,3,
P22,4,outwards,7,
P22,5,inwards,14,
P22,6,outwards,1,
P22,7,inwards,2,
P22,8,outwards,19,
P22,9,inwards,11,
P22,10,outwards,6,
P22,11,inwards,4,
P22,12,outwards,15,
P22,13,inwards,2,
P22,14,outwards,17,
P22,15,inwards,12,
P22,16,outwards,7,
P22,17,inwards,5,
P22,18,outwards,16,
P22,19,inwards,14,
P22,20,outwards,3,
P22,21,inwards,2,
P22,22,outwards,7,
P22,23,inwards,6,
P22,24,outwards,15,
P22,25,inwards,12,
P22,26,outwards,1,
P22,27,inwards,7,
P22,28,outwards,19,
P22,29,inwards,17,
P22,30,outwards,3,
P22,31,inwards,2,
P22,32,outwards,8,
P22,33,inwards,4,
P22,34,outwards,17,
P22,35,inwards,20,
P22,36,outwards,3,
P22,37,inwards,8,
P22,38,outwards,9,
P22,39,inwards,14,
P22,40,outwards,3,
P22,41,inwards,1,
P22,42,outwards,20,
P22,43,inwards,19,
P22,44,outwards,11,
P22,45,inwards,7,
P22,46,outwards,4,
P22,47,inwards,9,
P22,48,outwards,18,
P22,49,inwards,30,
P22,50,outwards,12,
P22,51,inwards,1,
P22,52,outwards,9,
P22,53,inwards,3,
P22,54,outwards,14,
P22,55,inwards,17,
P22,56,outwards,18,
P22,57,inwards,11,
P22,58,outwards,2,
P22,59,inwards,1,
P22,60,outwards,20,
P22,61,inwards,19,
P22,62,outwards,5,
P22,63,inwards,7,
P22,64,outwards,30,
P22,65,inwards,12,
P22,66,outwards,11,
P22,67,inwards,6,
P22,68,outwards,8,
P22,69,inwards,14,
P22,70,outwards,13,
P22,71,inwards,11,
P22,72,outwards,4,
P22,73,inwards,6,
P22,74,outwards,3,
P22,75,inwards,2,
P22,76,outwards,1,
P22,77,inwards,14,
P22,78,outwards,19,
P22,79,inwards,18,
P22,80,outwards,17,
P22,81,inwards,,
P22,82,outwards,,
P22,83,inwards,,
P22,84,outwards,,
P22,85,inwards,,
P22,86,outwards,,
P22,87,inwards,,
P22,88,outwards,,
P22,89,inwards,,
P22,90,outwards,,
P22,91,inwards,,
P22,92,outwards,,
P22,93,inwards,,
P22,94,outwards,,
P22,95,inwards,,
P22,96,outwards,,
P22,97,inwards,,
P22,98,outwards,,
P22,99,inwards,,
P22,100,outwards,,
P23,1,inwards,14,observed that self is trying to follow the order of number but tried hard to be random; guessed that metronome sound might affect the number generation and the speech of language processing
P23,2,outwards,18,
P23,3,inwards,11,
P23,4,outwards,10,
P23,5,inwards,20,
P23,6,outwards,23,
P23,7,inwards,26,
P23,8,outwards,27,
P23,9,inwards,15,
P23,10,outwards,18,
P23,11,inwards,19,
P23,12,outwards,9,
P23,13,inwards,4,
P23,14,outwards,7,
P23,15,inwards,5,
P23,16,outwards,13,
P23,17,inwards,16,
P23,18,outwards,23,
P23,19,inwards,25,
P23,20,outwards,28,
P23,21,inwards,17,
P23,22,outwards,2,
P23,23,inwards,1,
P23,24,outwards,6,
P23,25,inwards,15,
P23,26,outwards,14,
P23,27,inwards,17,
P23,28,outwards,20,
P23,29,inwards,[26],
P23,30,outwards,30,
P23,31,inwards,5,
P23,32,outwards,12,
P23,33,inwards,15,
P23,34,outwards,19,
P23,35,inwards,11,
P23,36,outwards,6,
P23,37,inwards,5,
P23,38,outwards,7,
P23,39,inwards,11,
P23,40,outwards,16,
P23,41,inwards,17,
P23,42,outwards,22,
P23,43,inwards,26,
P23,44,outwards,15,
P23,45,inwards,27,
P23,46,outwards,28,
P23,47,inwards,29,
P23,48,outwards,3,
P23,49,inwards,30,
P23,50,outwards,16,
P23,51,inwards,17,
P23,52,outwards,18,
P23,53,inwards,19,
P23,54,outwards,12,
P23,55,inwards,21,
P23,56,outwards,22,
P23,57,inwards,24,
P23,58,outwards,28,
P23,59,inwards,18,
P23,60,outwards,19,
P23,61,inwards,12,
P23,62,outwards,11,
P23,63,inwards,10,
P23,64,outwards,1,
P23,65,inwards,3,
P23,66,outwards,7,
P23,67,inwards,8,
P23,68,outwards,15,
P23,69,inwards,12,
P23,70,outwards,21,
P23,71,inwards,18,
P23,72,outwards,19,
P23,73,inwards,23,
P23,74,outwards,27,
P23,75,inwards,24,
P23,76,outwards,16,
P23,77,inwards,13,
P23,78,outwards,15,
P23,79,inwards,17,
P23,80,outwards,8,
P23,81,inwards,,
P23,82,outwards,,
P23,83,inwards,,
P23,84,outwards,,
P23,85,inwards,,
P23,86,outwards,,
P23,87,inwards,,
P23,88,outwards,,
P23,89,inwards,,
P23,90,outwards,,
P23,91,inwards,,
P23,92,outwards,,
P23,93,inwards,,
P23,94,outwards,,
P23,95,inwards,,
P23,96,outwards,,
P23,97,inwards,,
P23,98,outwards,,
P23,99,inwards,,
P23,100,outwards,,
P24,1,inwards,3,observed that number 15 is repeated very often and guessed that the experiment is about multitasking
P24,2,outwards,12,
P24,3,inwards,14,
P24,4,outwards,24,
P24,5,inwards,30,
P24,6,outwards,2,
P24,7,inwards,5,
P24,8,outwards,8,
P24,9,inwards,11,
P24,10,outwards,23,
P24,11,inwards,15,
P24,12,outwards,4,
P24,13,inwards,7,
P24,14,outwards,12,
P24,15,inwards,15,
P24,16,outwards,18,
P24,17,inwards,29,
P24,18,outwards,16,
P24,19,inwards,14,
P24,20,outwards,15,
P24,21,inwards,23,
P24,22,outwards,26,
P24,23,inwards,1,
P24,24,outwards,30,
P24,25,inwards,26,
P24,26,outwards,14,
P24,27,inwards,9,
P24,28,outwards,12,
P24,29,inwards,15,
P24,30,outwards,19,
P24,31,inwards,16,
P24,32,outwards,6,
P24,33,inwards,11,
P24,34,outwards,12,
P24,35,inwards,19,
P24,36,outwards,23,
P24,37,inwards,15,
P24,38,outwards,28,
P24,39,inwards,27,
P24,40,outwards,5,
P24,41,inwards,11,
P24,42,outwards,19,
P24,43,inwards,12,
P24,44,outwards,27,
P24,45,inwards,15,
P24,46,outwards,11,
P24,47,inwards,17,
P24,48,outwards,3,
P24,49,inwards,4,
P24,50,outwards,12,
P24,51,inwards,17,
P24,52,outwards,11,
P24,53,inwards,27,
P24,54,outwards,14,
P24,55,inwards,13,
P24,56,outwards,2,
P24,57,inwards,12,
P24,58,outwards,17,
P24,59,inwards,16,
P24,60,outwards,1,
P24,61,inwards,30,
P24,62,outwards,27,
P24,63,inwards,15,
P24,64,outwards,3,
P24,65,inwards,16,
P24,66,outwards,27,
P24,67,inwards,29,
P24,68,outwards,2,
P24,69,inwards,3,
P24,70,outwards,14,
P24,71,inwards,17,
P24,72,outwards,29,
P24,73,inwards,27,
P24,74,outwards,15,
P24,75,inwards,3,
P24,76,outwards,19,
P24,77,inwards,8,
P24,78,outwards,17,
P24,79,inwards,5,
P24,80,outwards,22,
P24,81,inwards,,
P24,82,outwards,,
P24,83,inwards,,
P24,84,outwards,,
P24,85,inwards,,
P24,86,outwards,,
P24,87,inwards,,
P24,88,outwards,,
P24,89,inwards,,
P24,90,outwards,,
P24,91,inwards,,
P24,92,outwards,,
P24,93,inwards,,
P24,94,outwards,,
P24,95,inwards,,
P24,96,outwards,,
P24,97,inwards,,
P24,98,outwards,,
P24,99,inwards,,
P24,100,outwards,,
P25,1,inwards,12,observed that she forced herself not to repeat the same number; the experiment is about if movements make numbers repetitive
P25,2,outwards,1,
P25,3,inwards,16,
P25,4,outwards,29,
P25,5,inwards,13,
P25,6,outwards,28,
P25,7,inwards,3,
P25,8,outwards,5,
P25,9,inwards,7,
P25,10,outwards,11,
P25,11,inwards,20,
P25,12,outwards,21,
P25,13,inwards,19,
P25,14,outwards,12,
P25,15,inwards,1,
P25,16,outwards,30,
P25,17,inwards,26,
P25,18,outwards,14,
P25,19,inwards,12,
P25,20,outwards,9,
P25,21,inwards,16,
P25,22,outwards,19,
P25,23,inwards,23,
P25,24,outwards,27,
P25,25,inwards,1,
P25,26,outwards,16,
P25,27,inwards,12,
P25,28,outwards,3,
P25,29,inwards,7,
P25,30,outwards,19,
P25,31,inwards,22,
P25,32,outwards,27,
P25,33,inwards,16,
P25,34,outwards,6,
P25,35,inwards,1,
P25,36,outwards,9,
P25,37,inwards,7,
P25,38,outwards,4,
P25,39,inwards,14,
P25,40,outwards,12,
P25,41,inwards,24,
P25,42,outwards,16,
P25,43,inwards,19,
P25,44,outwards,23,
P25,45,inwards,1,
P25,46,outwards,29,
P25,47,inwards,27,
P25,48,outwards,6,
P25,49,inwards,27,
P25,50,outwards,30,
P25,51,inwards,1,
P25,52,outwards,5,
P25,53,inwards,9,
P25,54,outwards,17,
P25,55,inwards,6,
P25,56,outwards,29,
P25,57,inwards,1,
P25,58,outwards,3,
P25,59,inwards,9,
P25,60,outwards,15,
P25,61,inwards,13,
P25,62,outwards,5,
P25,63,inwards,8,
P25,64,outwards,6,
P25,65,inwards,11,
P25,66,outwards,12,
P25,67,inwards,13,
P25,68,outwards,27,
P25,69,inwards,16,
P25,70,outwards,5,
P25,71,inwards,2,
P25,72,outwards,22,
P25,73,inwards,12,
P25,74,outwards,16,
P25,75,inwards,19,
P25,76,outwards,25,
P25,77,inwards,5,
P25,78,outwards,6,
P25,79,inwards,9,
P25,80,outwards,12,
P25,81,inwards,,
P25,82,outwards,,
P25,83,inwards,,
P25,84,outwards,,
P25,85,inwards,,
P25,86,outwards,,
P25,87,inwards,,
P25,88,outwards,,
P25,89,inwards,,
P25,90,outwards,,
P25,91,inwards,,
P25,92,outwards,,
P25,93,inwards,,
P25,94,outwards,,
P25,95,inwards,,
P25,96,outwards,,
P25,97,inwards,,
P25,98,outwards,,
P25,99,inwards,,
P25,100,outwards,,
P26,1,inwards,4,she observed that it was hard to come up with numbers; and guessed that the experiment is to find the correlation between number value and gesture size
P26,2,outwards,30,
P26,3,inwards,12,
P26,4,outwards,25,
P26,5,inwards,16,
P26,6,outwards,17,
P26,7,inwards,8,
P26,8,outwards,9,
P26,9,inwards,1,
P26,10,outwards,15,
P26,11,inwards,12,
P26,12,outwards,11,
P26,13,inwards,23,
P26,14,outwards,7,
P26,15,inwards,14,
P26,16,outwards,2,
P26,17,inwards,9,
P26,18,outwards,7,
P26,19,inwards,18,
P26,20,outwards,10,
P26,21,inwards,24,
P26,22,outwards,6,
P26,23,inwards,5,
P26,24,outwards,27,
P26,25,inwards,8,
P26,26,outwards,9,
P26,27,inwards,3,
P26,28,outwards,5,
P26,29,inwards,1,
P26,30,outwards,17,
P26,31,inwards,19,
P26,32,outwards,12,
P26,33,inwards,15,
P26,34,outwards,25,
P26,35,inwards,26,
P26,36,outwards,30,
P26,37,inwards,12,
P26,38,outwards,2,
P26,39,inwards,5,
P26,40,outwards,10,
P26,41,inwards,12,
P26,42,outwards,13,
P26,43,inwards,10,
P26,44,outwards,15,
P26,45,inwards,16,
P26,46,outwards,12,
P26,47,inwards,11,
P26,48,outwards,26,
P26,49,inwards,25,
P26,50,outwards,3,
P26,51,inwards,2,
P26,52,outwards,8,
P26,53,inwards,9,
P26,54,outwards,12,
P26,55,inwards,15,
P26,56,outwards,16,
P26,57,inwards,18,
P26,58,outwards,24,
P26,59,inwards,1,
P26,60,outwards,3,
P26,61,inwards,5,
P26,62,outwards,8,
P26,63,inwards,7,
P26,64,outwards,12,
P26,65,inwards,16,
P26,66,outwards,18,
P26,67,inwards,25,
P26,68,outwards,23,
P26,69,inwards,12,
P26,70,outwards,14,
P26,71,inwards,30,
P26,72,outwards,12,
P26,73,inwards,16,
P26,74,outwards,26,
P26,75,inwards,29,
P26,76,outwards,8,
P26,77,inwards,1,
P26,78,outwards,2,
P26,79,inwards,13,
P26,80,outwards,12,
P26,81,inwards,,
P26,82,outwards,,
P26,83,inwards,,
P26,84,outwards,,
P26,85,inwards,,
P26,86,outwards,,
P26,87,inwards,,
P26,88,outwards,,
P26,89,inwards,,
P26,90,outwards,,
P26,91,inwards,,
P26,92,outwards,,
P26,93,inwards,,
P26,94,outwards,,
P26,95,inwards,,
P26,96,outwards,,
P26,97,inwards,,
P26,98,outwards,,
P26,99,inwards,,
P26,100,outwards,,
P27,1,inwards,1,NA
P27,2,outwards,30,
P27,3,inwards,16,
P27,4,outwards,17,
P27,5,inwards,15,
P27,6,outwards,14,
P27,7,inwards,13,
P27,8,outwards,12,
P27,9,inwards,10,
P27,10,outwards,11,
P27,11,inwards,12,
P27,12,outwards,6,
P27,13,inwards,5,
P27,14,outwards,22,
P27,15,inwards,23,
P27,16,outwards,14,
P27,17,inwards,15,
P27,18,outwards,16,
P27,19,inwards,17,
P27,20,outwards,18,
P27,21,inwards,19,
P27,22,outwards,3,
P27,23,inwards,4,
P27,24,outwards,2,
P27,25,inwards,1,
P27,26,outwards,16,
P27,27,inwards,20,
P27,28,outwards,21,
P27,29,inwards,22,
P27,30,outwards,23,
P27,31,inwards,24,
P27,32,outwards,25,
P27,33,inwards,16,
P27,34,outwards,17,
P27,35,inwards,8,
P27,36,outwards,9,
P27,37,inwards,11,
P27,38,outwards,16,
P27,39,inwards,17,
P27,40,outwards,21,
P27,41,inwards,27,
P27,42,outwards,30,
P27,43,inwards,29,
P27,44,outwards,28,
P27,45,inwards,25,
P27,46,outwards,24,
P27,47,inwards,23,
P27,48,outwards,28,
P27,49,inwards,17,
P27,50,outwards,15,
P27,51,inwards,4,
P27,52,outwards,5,
P27,53,inwards,6,
P27,54,outwards,7,
P27,55,inwards,8,
P27,56,outwards,9,
P27,57,inwards,1,
P27,58,outwards,8,
P27,59,inwards,18,
P27,60,outwards,20,
P27,61,inwards,6,
P27,62,outwards,7,
P27,63,inwards,16,
P27,64,outwards,17,
P27,65,inwards,18,
P27,66,outwards,19,
P27,67,inwards,21,
P27,68,outwards,25,
P27,69,inwards,27,
P27,70,outwards,29,
P27,71,inwards,30,
P27,72,outwards,28,
P27,73,inwards,26,
P27,74,outwards,27,
P27,75,inwards,8,
P27,76,outwards,9,
P27,77,inwards,11,
P27,78,outwards,12,
P27,79,inwards,1,
P27,80,outwards,6,
P27,81,inwards,,
P27,82,outwards,,
P27,83,inwards,,
P27,84,outwards,,
P27,85,inwards,,
P27,86,outwards,,
P27,87,inwards,,
P27,88,outwards,,
P27,89,inwards,,
P27,90,outwards,,
P27,91,inwards,,
P27,92,outwards,,
P27,93,inwards,,
P27,94,outwards,,
P27,95,inwards,,
P27,96,outwards,,
P27,97,inwards,,
P27,98,outwards,,
P27,99,inwards,,
P27,100,outwards,,
P28,1,inwards,11,"no observation; guesssed that the larger numbers would be associated with wider gestures, but still she tried to generate random numbers"
P28,2,outwards,12,
P28,3,inwards,13,
P28,4,outwards,14,
P28,5,inwards,15,
P28,6,outwards,30,
P28,7,inwards,11,
P28,8,outwards,15,
P28,9,inwards,20,
P28,10,outwards,22,
P28,11,inwards,23,
P28,12,outwards,25,
P28,13,inwards,30,
P28,14,outwards,11,
P28,15,inwards,7,
P28,16,outwards,3,
P28,17,inwards,5,
P28,18,outwards,10,
P28,19,inwards,22,
P28,20,outwards,23,
P28,21,inwards,21,
P28,22,outwards,27,
P28,23,inwards,15,
P28,24,outwards,12,
P28,25,inwards,14,
P28,26,outwards,17,
P28,27,inwards,18,
P28,28,outwards,19,
P28,29,inwards,20,
P28,30,outwards,1,
P28,31,inwards,4,
P28,32,outwards,17,
P28,33,inwards,15,
P28,34,outwards,14,
P28,35,inwards,25,
P28,36,outwards,26,
P28,37,inwards,30,
P28,38,outwards,13,
P28,39,inwards,11,
P28,40,outwards,4,
P28,41,inwards,6,
P28,42,outwards,5,
P28,43,inwards,15,
P28,44,outwards,11,
P28,45,inwards,14,
P28,46,outwards,17,
P28,47,inwards,30,
P28,48,outwards,1,
P28,49,inwards,2,
P28,50,outwards,22,
P28,51,inwards,3,
P28,52,outwards,5,
P28,53,inwards,4,
P28,54,outwards,14,
P28,55,inwards,20,
P28,56,outwards,22,
P28,57,inwards,23,
P28,58,outwards,24,
P28,59,inwards,25,
P28,60,outwards,26,
P28,61,inwards,30,
P28,62,outwards,1,
P28,63,inwards,11,
P28,64,outwards,7,
P28,65,inwards,6,
P28,66,outwards,12,
P28,67,inwards,13,
P28,68,outwards,15,
P28,69,inwards,22,
P28,70,outwards,14,
P28,71,inwards,12,
P28,72,outwards,7,
P28,73,inwards,8,
P28,74,outwards,9,
P28,75,inwards,2,
P28,76,outwards,1,
P28,77,inwards,30,
P28,78,outwards,25,
P28,79,inwards,12,
P28,80,outwards,30,
P28,81,inwards,,
P28,82,outwards,,
P28,83,inwards,,
P28,84,outwards,,
P28,85,inwards,,
P28,86,outwards,,
P28,87,inwards,,
P28,88,outwards,,
P28,89,inwards,,
P28,90,outwards,,
P28,91,inwards,,
P28,92,outwards,,
P28,93,inwards,,
P28,94,outwards,,
P28,95,inwards,,
P28,96,outwards,,
P28,97,inwards,,
P28,98,outwards,,
P28,99,inwards,,
P28,100,outwards,,
P29,1,inwards,10,oberserved that it is quite hard to pick random numbers
P29,2,outwards,11,
P29,3,inwards,1,
P29,4,outwards,4,
P29,5,inwards,2,
P29,6,outwards,30,
P29,7,inwards,[33],
P29,8,outwards,17,
P29,9,inwards,3,
P29,10,outwards,4,
P29,11,inwards,9,
P29,12,outwards,25,
P29,13,inwards,27,
P29,14,outwards,30,
P29,15,inwards,29,
P29,16,outwards,3,
P29,17,inwards,13,
P29,18,outwards,24,
P29,19,inwards,27,
P29,20,outwards,3,
P29,21,inwards,4,
P29,22,outwards,9,
P29,23,inwards,6,
P29,24,outwards,2,
P29,25,inwards,1,
P29,26,outwards,4,
P29,27,inwards,9,
P29,28,outwards,6,
P29,29,inwards,17,
P29,30,outwards,19,
P29,31,inwards,14,
P29,32,outwards,11,
P29,33,inwards,8,
P29,34,outwards,9,
P29,35,inwards,6,
P29,36,outwards,4,
P29,37,inwards,24,
P29,38,outwards,27,
P29,39,inwards,9,
P29,40,outwards,4,
P29,41,inwards,13,
P29,42,outwards,17,
P29,43,inwards,12,
P29,44,outwards,24,
P29,45,inwards,16,
P29,46,outwards,12,
P29,47,inwards,1,
P29,48,outwards,3,
P29,49,inwards,4,
P29,50,outwards,6,
P29,51,inwards,9,
P29,52,outwards,5,
P29,53,inwards,2,
P29,54,outwards,1,
P29,55,inwards,30,
P29,56,outwards,29,
P29,57,inwards,24,
P29,58,outwards,27,
P29,59,inwards,21,
P29,60,outwards,11,
P29,61,inwards,1,
P29,62,outwards,4,
P29,63,inwards,7,
P29,64,outwards,9,
P29,65,inwards,14,
P29,66,outwards,15,
P29,67,inwards,19,
P29,68,outwards,27,
P29,69,inwards,30,
P29,70,outwards,12,
P29,71,inwards,14,
P29,72,outwards,9,
P29,73,inwards,7,
P29,74,outwards,2,
P29,75,inwards,1,
P29,76,outwards,4,
P29,77,inwards,9,
P29,78,outwards,6,
P29,79,inwards,22,
P29,80,outwards,23,
P29,81,inwards,,
P29,82,outwards,,
P29,83,inwards,,
P29,84,outwards,,
P29,85,inwards,,
P29,86,outwards,,
P29,87,inwards,,
P29,88,outwards,,
P29,89,inwards,,
P29,90,outwards,,
P29,91,inwards,,
P29,92,outwards,,
P29,93,inwards,,
P29,94,outwards,,
P29,95,inwards,,
P29,96,outwards,,
P29,97,inwards,,
P29,98,outwards,,
P29,99,inwards,,
P29,100,outwards,,
P30,1,inwards,6,"observed that while trying hard to generate random numbers, she tended to generate prime or odd numbers; guessed that the experiment is about whether gesture and number-generation takes at different parts of the brain."
P30,2,outwards,8,
P30,3,inwards,13,
P30,4,outwards,17,
P30,5,inwards,19,
P30,6,outwards,23,
P30,7,inwards,27,
P30,8,outwards,24,
P30,9,inwards,16,
P30,10,outwards,8,
P30,11,inwards,4,
P30,12,outwards,9,
P30,13,inwards,16,
P30,14,outwards,25,
P30,15,inwards,1,
P30,16,outwards,2,
P30,17,inwards,3,
P30,18,outwards,7,
P30,19,inwards,13,
P30,20,outwards,27,
P30,21,inwards,29,
P30,22,outwards,21,
P30,23,inwards,17,
P30,24,outwards,19,
P30,25,inwards,11,
P30,26,outwards,16,
P30,27,inwards,21,
P30,28,outwards,26,
P30,29,inwards,4,
P30,30,outwards,9,
P30,31,inwards,14,
P30,32,outwards,19,
P30,33,inwards,6,
P30,34,outwards,30,
P30,35,inwards,20,
P30,36,outwards,27,
P30,37,inwards,12,
P30,38,outwards,8,
P30,39,inwards,5,
P30,40,outwards,3,
P30,41,inwards,2,
P30,42,outwards,8,
P30,43,inwards,16,
P30,44,outwards,25,
P30,45,inwards,18,
P30,46,outwards,16,
P30,47,inwards,12,
P30,48,outwards,4,
P30,49,inwards,28,
P30,50,outwards,27,
P30,51,inwards,12,
P30,52,outwards,13,
P30,53,inwards,17,
P30,54,outwards,29,
P30,55,inwards,30,
P30,56,outwards,9,
P30,57,inwards,15,
P30,58,outwards,21,
P30,59,inwards,4,
P30,60,outwards,7,
P30,61,inwards,10,
P30,62,outwards,30,
P30,63,inwards,16,
P30,64,outwards,22,
P30,65,inwards,28,
P30,66,outwards,1,
P30,67,inwards,8,
P30,68,outwards,12,
P30,69,inwards,22,
P30,70,outwards,26,
P30,71,inwards,21,
P30,72,outwards,17,
P30,73,inwards,14,
P30,74,outwards,12,
P30,75,inwards,10,
P30,76,outwards,8,
P30,77,inwards,6,
P30,78,outwards,8,
P30,79,inwards,16,
P30,80,outwards,24,
P30,81,inwards,,
P30,82,outwards,,
P30,83,inwards,,
P30,84,outwards,,
P30,85,inwards,,
P30,86,outwards,,
P30,87,inwards,,
P30,88,outwards,,
P30,89,inwards,,
P30,90,outwards,,
P30,91,inwards,,
P30,92,outwards,,
P30,93,inwards,,
P30,94,outwards,,
P30,95,inwards,,
P30,96,outwards,,
P30,97,inwards,,
P30,98,outwards,,
P30,99,inwards,,
P30,100,outwards,,
P31,1,inwards,27,observed and guessed that the experiment is about the correlation between gesture and number value
P31,2,outwards,18,
P31,3,inwards,24,
P31,4,outwards,19,
P31,5,inwards,8,
P31,6,outwards,12,
P31,7,inwards,1,
P31,8,outwards,15,
P31,9,inwards,3,
P31,10,outwards,14,
P31,11,inwards,9,
P31,12,outwards,10,
P31,13,inwards,11,
P31,14,outwards,8,
P31,15,inwards,7,
P31,16,outwards,6,
P31,17,inwards,1,
P31,18,outwards,15,
P31,19,inwards,19,
P31,20,outwards,27,
P31,21,inwards,30,
P31,22,outwards,4,
P31,23,inwards,1,
P31,24,outwards,13,
P31,25,inwards,18,
P31,26,outwards,14,
P31,27,inwards,3,
P31,28,outwards,8,
P31,29,inwards,5,
P31,30,outwards,12,
P31,31,inwards,11,
P31,32,outwards,7,
P31,33,inwards,4,
P31,34,outwards,14,
P31,35,inwards,22,
P31,36,outwards,16,
P31,37,inwards,13,
P31,38,outwards,11,
P31,39,inwards,4,
P31,40,outwards,3,
P31,41,inwards,1,
P31,42,outwards,5,
P31,43,inwards,7,
P31,44,outwards,6,
P31,45,inwards,1,
P31,46,outwards,25,
P31,47,inwards,3,
P31,48,outwards,4,
P31,49,inwards,11,
P31,50,outwards,2,
P31,51,inwards,28,
P31,52,outwards,7,
P31,53,inwards,3,
P31,54,outwards,8,
P31,55,inwards,4,
P31,56,outwards,11,
P31,57,inwards,30,
P31,58,outwards,20,
P31,59,inwards,4,
P31,60,outwards,6,
P31,61,inwards,3,
P31,62,outwards,2,
P31,63,inwards,9,
P31,64,outwards,11,
P31,65,inwards,12,
P31,66,outwards,23,
P31,67,inwards,24,
P31,68,outwards,25,
P31,69,inwards,27,
P31,70,outwards,30,
P31,71,inwards,12,
P31,72,outwards,6,
P31,73,inwards,4,
P31,74,outwards,9,
P31,75,inwards,11,
P31,76,outwards,2,
P31,77,inwards,3,
P31,78,outwards,7,
P31,79,inwards,5,
P31,80,outwards,13,
P31,81,inwards,,
P31,82,outwards,,
P31,83,inwards,,
P31,84,outwards,,
P31,85,inwards,,
P31,86,outwards,,
P31,87,inwards,,
P31,88,outwards,,
P31,89,inwards,,
P31,90,outwards,,
P31,91,inwards,,
P31,92,outwards,,
P31,93,inwards,,
P31,94,outwards,,
P31,95,inwards,,
P31,96,outwards,,
P31,97,inwards,,
P31,98,outwards,,
P31,99,inwards,,
P31,100,outwards,,
P32,1,inwards,3,observed that she tended togenerate a cluster of numbers and some repetition; and guessed that the experiment is about the relation between the gesture and the number value 
P32,2,outwards,2,
P32,3,inwards,26,
P32,4,outwards,5,
P32,5,inwards,7,
P32,6,outwards,3,
P32,7,inwards,16,
P32,8,outwards,22,
P32,9,inwards,19,
P32,10,outwards,2,
P32,11,inwards,10,
P32,12,outwards,11,
P32,13,inwards,6,
P32,14,outwards,22,
P32,15,inwards,29,
P32,16,outwards,2,
P32,17,inwards,30,
P32,18,outwards,3,
P32,19,inwards,6,
P32,20,outwards,7,
P32,21,inwards,8,
P32,22,outwards,9,
P32,23,inwards,6,
P32,24,outwards,19,
P32,25,inwards,20,
P32,26,outwards,22,
P32,27,inwards,16,
P32,28,outwards,5,
P32,29,inwards,7,
P32,30,outwards,4,
P32,31,inwards,6,
P32,32,outwards,9,
P32,33,inwards,2,
P32,34,outwards,11,
P32,35,inwards,6,
P32,36,outwards,22,
P32,37,inwards,23,
P32,38,outwards,10,
P32,39,inwards,11,
P32,40,outwards,10,
P32,41,inwards,16,
P32,42,outwards,17,
P32,43,inwards,22,
P32,44,outwards,16,
P32,45,inwards,5,
P32,46,outwards,7,
P32,47,inwards,8,
P32,48,outwards,3,
P32,49,inwards,20,
P32,50,outwards,19,
P32,51,inwards,2,
P32,52,outwards,6,
P32,53,inwards,7,
P32,54,outwards,20,
P32,55,inwards,27,
P32,56,outwards,30,
P32,57,inwards,20,
P32,58,outwards,19,
P32,59,inwards,6,
P32,60,outwards,3,
P32,61,inwards,6,
P32,62,outwards,10,
P32,63,inwards,12,
P32,64,outwards,14,
P32,65,inwards,6,
P32,66,outwards,20,
P32,67,inwards,21,
P32,68,outwards,6,
P32,69,inwards,2,
P32,70,outwards,1,
P32,71,inwards,5,
P32,72,outwards,17,
P32,73,inwards,19,
P32,74,outwards,20,
P32,75,inwards,26,
P32,76,outwards,28,
P32,77,inwards,3,
P32,78,outwards,7,
P32,79,inwards,6,
P32,80,outwards,10,
P32,81,inwards,,
P32,82,outwards,,
P32,83,inwards,,
P32,84,outwards,,
P32,85,inwards,,
P32,86,outwards,,
P32,87,inwards,,
P32,88,outwards,,
P32,89,inwards,,
P32,90,outwards,,
P32,91,inwards,,
P32,92,outwards,,
P32,93,inwards,,
P32,94,outwards,,
P32,95,inwards,,
P32,96,outwards,,
P32,97,inwards,,
P32,98,outwards,,
P32,99,inwards,,
P32,100,outwards,,
P33,1,inwards,7,observed that he tended to generate prime number series or other conventionalized sequence of numbers but still tries to be random; guessed that whether there is a pattern of how numbers are generated will be naturally developed.
P33,2,outwards,6,
P33,3,inwards,20,
P33,4,outwards,1,
P33,5,inwards,30,
P33,6,outwards,24,
P33,7,inwards,17,
P33,8,outwards,19,
P33,9,inwards,20,
P33,10,outwards,28,
P33,11,inwards,8,
P33,12,outwards,4,
P33,13,inwards,3,
P33,14,outwards,9,
P33,15,inwards,20,
P33,16,outwards,29,
P33,17,inwards,26,
P33,18,outwards,11,
P33,19,inwards,13,
P33,20,outwards,15,
P33,21,inwards,6,
P33,22,outwards,5,
P33,23,inwards,2,
P33,24,outwards,18,
P33,25,inwards,23,
P33,26,outwards,29,
P33,27,inwards,24,
P33,28,outwards,6,
P33,29,inwards,8,
P33,30,outwards,15,
P33,31,inwards,19,
P33,32,outwards,3,
P33,33,inwards,26,
P33,34,outwards,25,
P33,35,inwards,23,
P33,36,outwards,29,
P33,37,inwards,14,
P33,38,outwards,12,
P33,39,inwards,5,
P33,40,outwards,4,
P33,41,inwards,13,
P33,42,outwards,15,
P33,43,inwards,18,
P33,44,outwards,19,
P33,45,inwards,1,
P33,46,outwards,3,
P33,47,inwards,5,
P33,48,outwards,7,
P33,49,inwards,11,
P33,50,outwards,13,
P33,51,inwards,19,
P33,52,outwards,25,
P33,53,inwards,24,
P33,54,outwards,23,
P33,55,inwards,6,
P33,56,outwards,7,
P33,57,inwards,20,
P33,58,outwards,3,
P33,59,inwards,9,
P33,60,outwards,11,
P33,61,inwards,12,
P33,62,outwards,15,
P33,63,inwards,4,
P33,64,outwards,8,
P33,65,inwards,23,
P33,66,outwards,29,
P33,67,inwards,1,
P33,68,outwards,6,
P33,69,inwards,7,
P33,70,outwards,3,
P33,71,inwards,5,
P33,72,outwards,11,
P33,73,inwards,18,
P33,74,outwards,19,
P33,75,inwards,20,
P33,76,outwards,23,
P33,77,inwards,25,
P33,78,outwards,19,
P33,79,inwards,21,
P33,80,outwards,8,
P33,81,inwards,,
P33,82,outwards,,
P33,83,inwards,,
P33,84,outwards,,
P33,85,inwards,,
P33,86,outwards,,
P33,87,inwards,,
P33,88,outwards,,
P33,89,inwards,,
P33,90,outwards,,
P33,91,inwards,,
P33,92,outwards,,
P33,93,inwards,,
P33,94,outwards,,
P33,95,inwards,,
P33,96,outwards,,
P33,97,inwards,,
P33,98,outwards,,
P33,99,inwards,,
P33,100,outwards,,
P34,1,inwards,7,observed that ended up saying same numbers or odd numbers or other conventionalized sequence; guessed that the experiment is about (1) the relation between gestures and numbers; and (2) whether the brain will be overwhelmed by these two tasks.
P34,2,outwards,14,
P34,3,inwards,5,
P34,4,outwards,10,
P34,5,inwards,8,
P34,6,outwards,16,
P34,7,inwards,3,
P34,8,outwards,7,
P34,9,inwards,10,
P34,10,outwards,24,
P34,11,inwards,25,
P34,12,outwards,26,
P34,13,inwards,18,
P34,14,outwards,14,
P34,15,inwards,17,
P34,16,outwards,13,
P34,17,inwards,15,
P34,18,outwards,29,
P34,19,inwards,27,
P34,20,outwards,8,
P34,21,inwards,1,
P34,22,outwards,3,
P34,23,inwards,8,
P34,24,outwards,9,
P34,25,inwards,7,
P34,26,outwards,25,
P34,27,inwards,24,
P34,28,outwards,16,
P34,29,inwards,17,
P34,30,outwards,18,
P34,31,inwards,7,
P34,32,outwards,8,
P34,33,inwards,19,
P34,34,outwards,20,
P34,35,inwards,21,
P34,36,outwards,28,
P34,37,inwards,27,
P34,38,outwards,26,
P34,39,inwards,3,
P34,40,outwards,5,
P34,41,inwards,6,
P34,42,outwards,14,
P34,43,inwards,18,
P34,44,outwards,6,
P34,45,inwards,7,
P34,46,outwards,8,
P34,47,inwards,9,
P34,48,outwards,11,
P34,49,inwards,13,
P34,50,outwards,16,
P34,51,inwards,17,
P34,52,outwards,20,
P34,53,inwards,22,
P34,54,outwards,24,
P34,55,inwards,27,
P34,56,outwards,25,
P34,57,inwards,3,
P34,58,outwards,6,
P34,59,inwards,7,
P34,60,outwards,8,
P34,61,inwards,9,
P34,62,outwards,12,
P34,63,inwards,13,
P34,64,outwards,15,
P34,65,inwards,18,
P34,66,outwards,17,
P34,67,inwards,16,
P34,68,outwards,5,
P34,69,inwards,3,
P34,70,outwards,2,
P34,71,inwards,1,
P34,72,outwards,20,
P34,73,inwards,25,
P34,74,outwards,16,
P34,75,inwards,17,
P34,76,outwards,12,
P34,77,inwards,30,
P34,78,outwards,29,
P34,79,inwards,27,
P34,80,outwards,26,
P34,81,inwards,,
P34,82,outwards,,
P34,83,inwards,,
P34,84,outwards,,
P34,85,inwards,,
P34,86,outwards,,
P34,87,inwards,,
P34,88,outwards,,
P34,89,inwards,,
P34,90,outwards,,
P34,91,inwards,,
P34,92,outwards,,
P34,93,inwards,,
P34,94,outwards,,
P34,95,inwards,,
P34,96,outwards,,
P34,97,inwards,,
P34,98,outwards,,
P34,99,inwards,,
P34,100,outwards,,
P35,1,inwards,2,"observed that she tried not to generate same numbers and create a range of numbers: e.g., if starting with small numbers, she will reach for max number and generate numbers in between; no guesses"
P35,2,outwards,5,
P35,3,inwards,20,
P35,4,outwards,30,
P35,5,inwards,7,
P35,6,outwards,15,
P35,7,inwards,4,
P35,8,outwards,3,
P35,9,inwards,20,
P35,10,outwards,29,
P35,11,inwards,3,
P35,12,outwards,4,
P35,13,inwards,10,
P35,14,outwards,20,
P35,15,inwards,30,
P35,16,outwards,24,
P35,17,inwards,5,
P35,18,outwards,26,
P35,19,inwards,2,
P35,20,outwards,14,
P35,21,inwards,3,
P35,22,outwards,21,
P35,23,inwards,30,
P35,24,outwards,1,
P35,25,inwards,24,
P35,26,outwards,3,
P35,27,inwards,9,
P35,28,outwards,10,
P35,29,inwards,27,
P35,30,outwards,30,
P35,31,inwards,1,
P35,32,outwards,29,
P35,33,inwards,5,
P35,34,outwards,3,
P35,35,inwards,21,
P35,36,outwards,30,
P35,37,inwards,12,
P35,38,outwards,11,
P35,39,inwards,3,
P35,40,outwards,28,
P35,41,inwards,12,
P35,42,outwards,14,
P35,43,inwards,2,
P35,44,outwards,5,
P35,45,inwards,30,
P35,46,outwards,23,
P35,47,inwards,6,
P35,48,outwards,10,
P35,49,inwards,14,
P35,50,outwards,22,
P35,51,inwards,23,
P35,52,outwards,1,
P35,53,inwards,4,
P35,54,outwards,22,
P35,55,inwards,7,
P35,56,outwards,12,
P35,57,inwards,11,
P35,58,outwards,3,
P35,59,inwards,5,
P35,60,outwards,22,
P35,61,inwards,16,
P35,62,outwards,19,
P35,63,inwards,24,
P35,64,outwards,28,
P35,65,inwards,3,
P35,66,outwards,16,
P35,67,inwards,14,
P35,68,outwards,12,
P35,69,inwards,1,
P35,70,outwards,30,
P35,71,inwards,22,
P35,72,outwards,18,
P35,73,inwards,3,
P35,74,outwards,4,
P35,75,inwards,5,
P35,76,outwards,22,
P35,77,inwards,16,
P35,78,outwards,10,
P35,79,inwards,8,
P35,80,outwards,6,
P35,81,inwards,,
P35,82,outwards,,
P35,83,inwards,,
P35,84,outwards,,
P35,85,inwards,,
P35,86,outwards,,
P35,87,inwards,,
P35,88,outwards,,
P35,89,inwards,,
P35,90,outwards,,
P35,91,inwards,,
P35,92,outwards,,
P35,93,inwards,,
P35,94,outwards,,
P35,95,inwards,,
P35,96,outwards,,
P35,97,inwards,,
P35,98,outwards,,
P35,99,inwards,,
P35,100,outwards,,
P36,1,inwards,7,observed that numbers frequently fell into the realm between 7 to 11 and tended to generate a seuqence of number from large to small; and guessed that the experiment is about the relation between the number and gesture 
P36,2,outwards,16,
P36,3,inwards,19,
P36,4,outwards,1,
P36,5,inwards,4,
P36,6,outwards,2,
P36,7,inwards,16,
P36,8,outwards,19,
P36,9,inwards,22,
P36,10,outwards,29,
P36,11,inwards,27,
P36,12,outwards,16,
P36,13,inwards,4,
P36,14,outwards,7,
P36,15,inwards,11,
P36,16,outwards,15,
P36,17,inwards,9,
P36,18,outwards,16,
P36,19,inwards,19,
P36,20,outwards,22,
P36,21,inwards,30,
P36,22,outwards,27,
P36,23,inwards,26,
P36,24,outwards,1,
P36,25,inwards,11,
P36,26,outwards,14,
P36,27,inwards,18,
P36,28,outwards,20,
P36,29,inwards,9,
P36,30,outwards,5,
P36,31,inwards,16,
P36,32,outwards,19,
P36,33,inwards,24,
P36,34,outwards,5,
P36,35,inwards,11,
P36,36,outwards,19,
P36,37,inwards,16,
P36,38,outwards,29,
P36,39,inwards,28,
P36,40,outwards,9,
P36,41,inwards,6,
P36,42,outwards,15,
P36,43,inwards,21,
P36,44,outwards,30,
P36,45,inwards,7,
P36,46,outwards,11,
P36,47,inwards,16,
P36,48,outwards,20,
P36,49,inwards,23,
P36,50,outwards,3,
P36,51,inwards,11,
P36,52,outwards,12,
P36,53,inwards,18,
P36,54,outwards,21,
P36,55,inwards,27,
P36,56,outwards,3,
P36,57,inwards,16,
P36,58,outwards,22,
P36,59,inwards,30,
P36,60,outwards,26,
P36,61,inwards,21,
P36,62,outwards,7,
P36,63,inwards,12,
P36,64,outwards,15,
P36,65,inwards,18,
P36,66,outwards,19,
P36,67,inwards,7,
P36,68,outwards,4,
P36,69,inwards,1,
P36,70,outwards,29,
P36,71,inwards,21,
P36,72,outwards,8,
P36,73,inwards,15,
P36,74,outwards,18,
P36,75,inwards,19,
P36,76,outwards,25,
P36,77,inwards,7,
P36,78,outwards,16,
P36,79,inwards,18,
P36,80,outwards,19,
P36,81,inwards,,
P36,82,outwards,,
P36,83,inwards,,
P36,84,outwards,,
P36,85,inwards,,
P36,86,outwards,,
P36,87,inwards,,
P36,88,outwards,,
P36,89,inwards,,
P36,90,outwards,,
P36,91,inwards,,
P36,92,outwards,,
P36,93,inwards,,
P36,94,outwards,,
P36,95,inwards,,
P36,96,outwards,,
P36,97,inwards,,
P36,98,outwards,,
P36,99,inwards,,
P36,100,outwards,,